/*
SQLyog Ultimate v8.55 
MySQL - 6.0.4-alpha-community : Database - abaid
*********************************************************************
*/

/*!40101 SET NAMES utf8 */;

/*!40101 SET SQL_MODE=''*/;

/*!40014 SET @OLD_UNIQUE_CHECKS=@@UNIQUE_CHECKS, UNIQUE_CHECKS=0 */;
/*!40014 SET @OLD_FOREIGN_KEY_CHECKS=@@FOREIGN_KEY_CHECKS, FOREIGN_KEY_CHECKS=0 */;
/*!40101 SET @OLD_SQL_MODE=@@SQL_MODE, SQL_MODE='NO_AUTO_VALUE_ON_ZERO' */;
/*!40111 SET @OLD_SQL_NOTES=@@SQL_NOTES, SQL_NOTES=0 */;
CREATE DATABASE /*!32312 IF NOT EXISTS*/`abaid` /*!40100 DEFAULT CHARACTER SET latin1 */;

USE `abaid`;

/*Table structure for table `cliente` */

DROP TABLE IF EXISTS `cliente`;

CREATE TABLE `cliente` (
  `idCliente` bigint(10) NOT NULL AUTO_INCREMENT,
  `cuil_cuit` varchar(20) DEFAULT NULL,
  `apellido` varchar(20) DEFAULT NULL,
  `nombre` varchar(20) DEFAULT NULL,
  `telefono` varchar(20) DEFAULT NULL,
  `celular` varchar(20) DEFAULT NULL,
  `email` varchar(20) DEFAULT NULL,
  `razonSocial` varchar(30) DEFAULT NULL,
  `fechaNacimiento` date DEFAULT NULL,
  `sueldo` double DEFAULT NULL,
  `ranking` int(10) DEFAULT NULL,
  `estado` varchar(20) DEFAULT NULL,
  `estado_civil` varchar(10) DEFAULT NULL,
  `domicilio_id` bigint(10) DEFAULT NULL,
  `profesion_id` bigint(10) DEFAULT NULL,
  PRIMARY KEY (`idCliente`),
  KEY `fk_cliente_domicilio` (`domicilio_id`),
  KEY `fk_cliente_profesion` (`profesion_id`),
  CONSTRAINT `fk_cliente_domicilio` FOREIGN KEY (`domicilio_id`) REFERENCES `domicilio` (`idDomicilio`),
  CONSTRAINT `fk_cliente_profesion` FOREIGN KEY (`profesion_id`) REFERENCES `profesion` (`idProfesion`)
) ENGINE=InnoDB AUTO_INCREMENT=667 DEFAULT CHARSET=latin1;

/*Data for the table `cliente` */

insert  into `cliente`(`idCliente`,`cuil_cuit`,`apellido`,`nombre`,`telefono`,`celular`,`email`,`razonSocial`,`fechaNacimiento`,`sueldo`,`ranking`,`estado`,`estado_civil`,`domicilio_id`,`profesion_id`) values (1,'20070861861','SMITH','MARY',NULL,NULL,NULL,NULL,'2004-04-04',NULL,NULL,NULL,NULL,NULL,NULL),(2,'20113902672','JOHNSON','PATRICIA',NULL,NULL,NULL,NULL,NULL,NULL,NULL,NULL,NULL,NULL,NULL),(3,'20142323312','WILLIAMS','LINDA',NULL,NULL,NULL,NULL,NULL,NULL,NULL,NULL,NULL,NULL,NULL),(4,'20256474752','JONES','BARBARA',NULL,NULL,NULL,NULL,NULL,NULL,NULL,NULL,NULL,NULL,NULL),(5,NULL,'BROWN','ELIZABETH',NULL,NULL,NULL,NULL,NULL,NULL,NULL,NULL,NULL,NULL,NULL),(6,NULL,'DAVIS','JENNIFER',NULL,NULL,NULL,NULL,NULL,NULL,NULL,NULL,NULL,NULL,NULL),(7,NULL,'MILLER','MARIA',NULL,NULL,NULL,NULL,NULL,NULL,NULL,NULL,NULL,NULL,NULL),(8,NULL,'WILSON','SUSAN',NULL,NULL,NULL,NULL,NULL,NULL,NULL,NULL,NULL,NULL,NULL),(9,NULL,'MOORE','MARGARET',NULL,NULL,NULL,NULL,NULL,NULL,NULL,NULL,NULL,NULL,NULL),(10,NULL,'TAYLOR','DOROTHY',NULL,NULL,NULL,NULL,NULL,NULL,NULL,NULL,NULL,NULL,NULL),(11,NULL,'ANDERSON','LISA',NULL,NULL,NULL,NULL,NULL,NULL,NULL,NULL,NULL,NULL,NULL),(12,NULL,'THOMAS','NANCY',NULL,NULL,NULL,NULL,NULL,NULL,NULL,NULL,NULL,NULL,NULL),(13,NULL,'JACKSON','KAREN',NULL,NULL,NULL,NULL,NULL,NULL,NULL,NULL,NULL,NULL,NULL),(14,NULL,'WHITE','BETTY',NULL,NULL,NULL,NULL,NULL,NULL,NULL,NULL,NULL,NULL,NULL),(15,NULL,'HARRIS','HELEN',NULL,NULL,NULL,NULL,NULL,NULL,NULL,NULL,NULL,NULL,NULL),(16,NULL,'MARTIN','SANDRA',NULL,NULL,NULL,NULL,NULL,NULL,NULL,NULL,NULL,NULL,NULL),(17,NULL,'THOMPSON','DONNA',NULL,NULL,NULL,NULL,NULL,NULL,NULL,NULL,NULL,NULL,NULL),(18,NULL,'GARCIA','CAROL',NULL,NULL,NULL,NULL,NULL,NULL,NULL,NULL,NULL,NULL,NULL),(19,NULL,'MARTINEZ','RUTH',NULL,NULL,NULL,NULL,NULL,NULL,NULL,NULL,NULL,NULL,NULL),(20,NULL,'ROBINSON','SHARON',NULL,NULL,NULL,NULL,NULL,NULL,NULL,NULL,NULL,NULL,NULL),(21,NULL,'CLARK','MICHELLE',NULL,NULL,NULL,NULL,NULL,NULL,NULL,NULL,NULL,NULL,NULL),(22,NULL,'RODRIGUEZ','LAURA',NULL,NULL,NULL,NULL,NULL,NULL,NULL,NULL,NULL,NULL,NULL),(23,NULL,'LEWIS','SARAH',NULL,NULL,NULL,NULL,NULL,NULL,NULL,NULL,NULL,NULL,NULL),(24,NULL,'LEE','KIMBERLY',NULL,NULL,NULL,NULL,NULL,NULL,NULL,NULL,NULL,NULL,NULL),(25,NULL,'WALKER','DEBORAH',NULL,NULL,NULL,NULL,NULL,NULL,NULL,NULL,NULL,NULL,NULL),(26,NULL,'HALL','JESSICA',NULL,NULL,NULL,NULL,NULL,NULL,NULL,NULL,NULL,NULL,NULL),(27,NULL,'ALLEN','SHIRLEY',NULL,NULL,NULL,NULL,NULL,NULL,NULL,NULL,NULL,NULL,NULL),(28,NULL,'YOUNG','CYNTHIA',NULL,NULL,NULL,NULL,NULL,NULL,NULL,NULL,NULL,NULL,NULL),(29,NULL,'HERNANDEZ','ANGELA',NULL,NULL,NULL,NULL,NULL,NULL,NULL,NULL,NULL,NULL,NULL),(30,NULL,'KING','MELISSA',NULL,NULL,NULL,NULL,NULL,NULL,NULL,NULL,NULL,NULL,NULL),(31,NULL,'WRIGHT','BRENDA',NULL,NULL,NULL,NULL,NULL,NULL,NULL,NULL,NULL,NULL,NULL),(32,NULL,'LOPEZ','AMY',NULL,NULL,NULL,NULL,NULL,NULL,NULL,NULL,NULL,NULL,NULL),(33,NULL,'HILL','ANNA',NULL,NULL,NULL,NULL,NULL,NULL,NULL,NULL,NULL,NULL,NULL),(34,NULL,'SCOTT','REBECCA',NULL,NULL,NULL,NULL,NULL,NULL,NULL,NULL,NULL,NULL,NULL),(35,NULL,'GREEN','VIRGINIA',NULL,NULL,NULL,NULL,NULL,NULL,NULL,NULL,NULL,NULL,NULL),(36,NULL,'ADAMS','KATHLEEN',NULL,NULL,NULL,NULL,NULL,NULL,NULL,NULL,NULL,NULL,NULL),(37,NULL,'BAKER','PAMELA',NULL,NULL,NULL,NULL,NULL,NULL,NULL,NULL,NULL,NULL,NULL),(38,NULL,'GONZALEZ','MARTHA',NULL,NULL,NULL,NULL,NULL,NULL,NULL,NULL,NULL,NULL,NULL),(39,NULL,'NELSON','DEBRA',NULL,NULL,NULL,NULL,NULL,NULL,NULL,NULL,NULL,NULL,NULL),(40,NULL,'CARTER','AMANDA',NULL,NULL,NULL,NULL,NULL,NULL,NULL,NULL,NULL,NULL,NULL),(41,NULL,'MITCHELL','STEPHANIE',NULL,NULL,NULL,NULL,NULL,NULL,NULL,NULL,NULL,NULL,NULL),(42,NULL,'PEREZ','CAROLYN',NULL,NULL,NULL,NULL,NULL,NULL,NULL,NULL,NULL,NULL,NULL),(43,NULL,'ROBERTS','CHRISTINE',NULL,NULL,NULL,NULL,NULL,NULL,NULL,NULL,NULL,NULL,NULL),(44,NULL,'TURNER','MARIE',NULL,NULL,NULL,NULL,NULL,NULL,NULL,NULL,NULL,NULL,NULL),(45,NULL,'PHILLIPS','JANET',NULL,NULL,NULL,NULL,NULL,NULL,NULL,NULL,NULL,NULL,NULL),(46,NULL,'CAMPBELL','CATHERINE',NULL,NULL,NULL,NULL,NULL,NULL,NULL,NULL,NULL,NULL,NULL),(47,NULL,'PARKER','FRANCES',NULL,NULL,NULL,NULL,NULL,NULL,NULL,NULL,NULL,NULL,NULL),(48,NULL,'EVANS','ANN',NULL,NULL,NULL,NULL,NULL,NULL,NULL,NULL,NULL,NULL,NULL),(49,NULL,'EDWARDS','JOYCE',NULL,NULL,NULL,NULL,NULL,NULL,NULL,NULL,NULL,NULL,NULL),(50,NULL,'COLLINS','DIANE',NULL,NULL,NULL,NULL,NULL,NULL,NULL,NULL,NULL,NULL,NULL),(51,NULL,'STEWART','ALICE',NULL,NULL,NULL,NULL,NULL,NULL,NULL,NULL,NULL,NULL,NULL),(52,NULL,'SANCHEZ','JULIE',NULL,NULL,NULL,NULL,NULL,NULL,NULL,NULL,NULL,NULL,NULL),(53,NULL,'MORRIS','HEATHER',NULL,NULL,NULL,NULL,NULL,NULL,NULL,NULL,NULL,NULL,NULL),(54,NULL,'ROGERS','TERESA',NULL,NULL,NULL,NULL,NULL,NULL,NULL,NULL,NULL,NULL,NULL),(55,NULL,'REED','DORIS',NULL,NULL,NULL,NULL,NULL,NULL,NULL,NULL,NULL,NULL,NULL),(56,NULL,'COOK','GLORIA',NULL,NULL,NULL,NULL,NULL,NULL,NULL,NULL,NULL,NULL,NULL),(57,NULL,'MORGAN','EVELYN',NULL,NULL,NULL,NULL,NULL,NULL,NULL,NULL,NULL,NULL,NULL),(58,NULL,'BELL','JEAN',NULL,NULL,NULL,NULL,NULL,NULL,NULL,NULL,NULL,NULL,NULL),(59,NULL,'MURPHY','CHERYL',NULL,NULL,NULL,NULL,NULL,NULL,NULL,NULL,NULL,NULL,NULL),(60,NULL,'BAILEY','MILDRED',NULL,NULL,NULL,NULL,NULL,NULL,NULL,NULL,NULL,NULL,NULL),(61,NULL,'RIVERA','KATHERINE',NULL,NULL,NULL,NULL,NULL,NULL,NULL,NULL,NULL,NULL,NULL),(62,NULL,'COOPER','JOAN',NULL,NULL,NULL,NULL,NULL,NULL,NULL,NULL,NULL,NULL,NULL),(63,NULL,'RICHARDSON','ASHLEY',NULL,NULL,NULL,NULL,NULL,NULL,NULL,NULL,NULL,NULL,NULL),(64,NULL,'COX','JUDITH',NULL,NULL,NULL,NULL,NULL,NULL,NULL,NULL,NULL,NULL,NULL),(65,NULL,'HOWARD','ROSE',NULL,NULL,NULL,NULL,NULL,NULL,NULL,NULL,NULL,NULL,NULL),(66,NULL,'WARD','JANICE',NULL,NULL,NULL,NULL,NULL,NULL,NULL,NULL,NULL,NULL,NULL),(67,NULL,'TORRES','KELLY',NULL,NULL,NULL,NULL,NULL,NULL,NULL,NULL,NULL,NULL,NULL),(68,NULL,'PETERSON','NICOLE',NULL,NULL,NULL,NULL,NULL,NULL,NULL,NULL,NULL,NULL,NULL),(69,NULL,'GRAY','JUDY',NULL,NULL,NULL,NULL,NULL,NULL,NULL,NULL,NULL,NULL,NULL),(70,NULL,'RAMIREZ','CHRISTINA',NULL,NULL,NULL,NULL,NULL,NULL,NULL,NULL,NULL,NULL,NULL),(71,NULL,'JAMES','KATHY',NULL,NULL,NULL,NULL,NULL,NULL,NULL,NULL,NULL,NULL,NULL),(72,NULL,'WATSON','THERESA',NULL,NULL,NULL,NULL,NULL,NULL,NULL,NULL,NULL,NULL,NULL),(73,NULL,'BROOKS','BEVERLY',NULL,NULL,NULL,NULL,NULL,NULL,NULL,NULL,NULL,NULL,NULL),(74,NULL,'KELLY','DENISE',NULL,NULL,NULL,NULL,NULL,NULL,NULL,NULL,NULL,NULL,NULL),(75,NULL,'SANDERS','TAMMY',NULL,NULL,NULL,NULL,NULL,NULL,NULL,NULL,NULL,NULL,NULL),(76,NULL,'PRICE','IRENE',NULL,NULL,NULL,NULL,NULL,NULL,NULL,NULL,NULL,NULL,NULL),(77,NULL,'BENNETT','JANE',NULL,NULL,NULL,NULL,NULL,NULL,NULL,NULL,NULL,NULL,NULL),(78,NULL,'WOOD','LORI',NULL,NULL,NULL,NULL,NULL,NULL,NULL,NULL,NULL,NULL,NULL),(79,NULL,'BARNES','RACHEL',NULL,NULL,NULL,NULL,NULL,NULL,NULL,NULL,NULL,NULL,NULL),(80,NULL,'ROSS','MARILYN',NULL,NULL,NULL,NULL,NULL,NULL,NULL,NULL,NULL,NULL,NULL),(81,NULL,'HENDERSON','ANDREA',NULL,NULL,NULL,NULL,NULL,NULL,NULL,NULL,NULL,NULL,NULL),(82,NULL,'COLEMAN','KATHRYN',NULL,NULL,NULL,NULL,NULL,NULL,NULL,NULL,NULL,NULL,NULL),(83,NULL,'JENKINS','LOUISE',NULL,NULL,NULL,NULL,NULL,NULL,NULL,NULL,NULL,NULL,NULL),(84,NULL,'PERRY','SARA',NULL,NULL,NULL,NULL,NULL,NULL,NULL,NULL,NULL,NULL,NULL),(85,NULL,'POWELL','ANNE',NULL,NULL,NULL,NULL,NULL,NULL,NULL,NULL,NULL,NULL,NULL),(86,NULL,'LONG','JACQUELINE',NULL,NULL,NULL,NULL,NULL,NULL,NULL,NULL,NULL,NULL,NULL),(87,NULL,'PATTERSON','WANDA',NULL,NULL,NULL,NULL,NULL,NULL,NULL,NULL,NULL,NULL,NULL),(88,NULL,'HUGHES','BONNIE',NULL,NULL,NULL,NULL,NULL,NULL,NULL,NULL,NULL,NULL,NULL),(89,NULL,'FLORES','JULIA',NULL,NULL,NULL,NULL,NULL,NULL,NULL,NULL,NULL,NULL,NULL),(90,NULL,'WASHINGTON','RUBY',NULL,NULL,NULL,NULL,NULL,NULL,NULL,NULL,NULL,NULL,NULL),(91,NULL,'BUTLER','LOIS',NULL,NULL,NULL,NULL,NULL,NULL,NULL,NULL,NULL,NULL,NULL),(92,NULL,'SIMMONS','TINA',NULL,NULL,NULL,NULL,NULL,NULL,NULL,NULL,NULL,NULL,NULL),(93,NULL,'FOSTER','PHYLLIS',NULL,NULL,NULL,NULL,NULL,NULL,NULL,NULL,NULL,NULL,NULL),(94,NULL,'GONZALES','NORMA',NULL,NULL,NULL,NULL,NULL,NULL,NULL,NULL,NULL,NULL,NULL),(95,NULL,'BRYANT','PAULA',NULL,NULL,NULL,NULL,NULL,NULL,NULL,NULL,NULL,NULL,NULL),(96,NULL,'ALEXANDER','DIANA',NULL,NULL,NULL,NULL,NULL,NULL,NULL,NULL,NULL,NULL,NULL),(97,NULL,'RUSSELL','ANNIE',NULL,NULL,NULL,NULL,NULL,NULL,NULL,NULL,NULL,NULL,NULL),(98,NULL,'GRIFFIN','LILLIAN',NULL,NULL,NULL,NULL,NULL,NULL,NULL,NULL,NULL,NULL,NULL),(99,NULL,'DIAZ','EMILY',NULL,NULL,NULL,NULL,NULL,NULL,NULL,NULL,NULL,NULL,NULL),(100,NULL,'HAYES','ROBIN',NULL,NULL,NULL,NULL,NULL,NULL,NULL,NULL,NULL,NULL,NULL),(101,NULL,'MYERS','PEGGY',NULL,NULL,NULL,NULL,NULL,NULL,NULL,NULL,NULL,NULL,NULL),(102,NULL,'FORD','CRYSTAL',NULL,NULL,NULL,NULL,NULL,NULL,NULL,NULL,NULL,NULL,NULL),(103,NULL,'HAMILTON','GLADYS',NULL,NULL,NULL,NULL,NULL,NULL,NULL,NULL,NULL,NULL,NULL),(104,NULL,'GRAHAM','RITA',NULL,NULL,NULL,NULL,NULL,NULL,NULL,NULL,NULL,NULL,NULL),(105,NULL,'SULLIVAN','DAWN',NULL,NULL,NULL,NULL,NULL,NULL,NULL,NULL,NULL,NULL,NULL),(106,NULL,'WALLACE','CONNIE',NULL,NULL,NULL,NULL,NULL,NULL,NULL,NULL,NULL,NULL,NULL),(107,NULL,'WOODS','FLORENCE',NULL,NULL,NULL,NULL,NULL,NULL,NULL,NULL,NULL,NULL,NULL),(108,NULL,'COLE','TRACY',NULL,NULL,NULL,NULL,NULL,NULL,NULL,NULL,NULL,NULL,NULL),(109,NULL,'WEST','EDNA',NULL,NULL,NULL,NULL,NULL,NULL,NULL,NULL,NULL,NULL,NULL),(110,NULL,'JORDAN','TIFFANY',NULL,NULL,NULL,NULL,NULL,NULL,NULL,NULL,NULL,NULL,NULL),(111,NULL,'OWENS','CARMEN',NULL,NULL,NULL,NULL,NULL,NULL,NULL,NULL,NULL,NULL,NULL),(112,NULL,'REYNOLDS','ROSA',NULL,NULL,NULL,NULL,NULL,NULL,NULL,NULL,NULL,NULL,NULL),(113,NULL,'FISHER','CINDY',NULL,NULL,NULL,NULL,NULL,NULL,NULL,NULL,NULL,NULL,NULL),(114,NULL,'ELLIS','GRACE',NULL,NULL,NULL,NULL,NULL,NULL,NULL,NULL,NULL,NULL,NULL),(115,NULL,'HARRISON','WENDY',NULL,NULL,NULL,NULL,NULL,NULL,NULL,NULL,NULL,NULL,NULL),(116,NULL,'GIBSON','VICTORIA',NULL,NULL,NULL,NULL,NULL,NULL,NULL,NULL,NULL,NULL,NULL),(117,NULL,'MCDONALD','EDITH',NULL,NULL,NULL,NULL,NULL,NULL,NULL,NULL,NULL,NULL,NULL),(118,NULL,'CRUZ','KIM',NULL,NULL,NULL,NULL,NULL,NULL,NULL,NULL,NULL,NULL,NULL),(119,NULL,'MARSHALL','SHERRY',NULL,NULL,NULL,NULL,NULL,NULL,NULL,NULL,NULL,NULL,NULL),(120,NULL,'ORTIZ','SYLVIA',NULL,NULL,NULL,NULL,NULL,NULL,NULL,NULL,NULL,NULL,NULL),(121,NULL,'GOMEZ','JOSEPHINE',NULL,NULL,NULL,NULL,NULL,NULL,NULL,NULL,NULL,NULL,NULL),(122,NULL,'MURRAY','THELMA',NULL,NULL,NULL,NULL,NULL,NULL,NULL,NULL,NULL,NULL,NULL),(123,NULL,'FREEMAN','SHANNON',NULL,NULL,NULL,NULL,NULL,NULL,NULL,NULL,NULL,NULL,NULL),(124,NULL,'WELLS','SHEILA',NULL,NULL,NULL,NULL,NULL,NULL,NULL,NULL,NULL,NULL,NULL),(125,NULL,'WEBB','ETHEL',NULL,NULL,NULL,NULL,NULL,NULL,NULL,NULL,NULL,NULL,NULL),(126,NULL,'SIMPSON','ELLEN',NULL,NULL,NULL,NULL,NULL,NULL,NULL,NULL,NULL,NULL,NULL),(127,NULL,'STEVENS','ELAINE',NULL,NULL,NULL,NULL,NULL,NULL,NULL,NULL,NULL,NULL,NULL),(128,NULL,'TUCKER','MARJORIE',NULL,NULL,NULL,NULL,NULL,NULL,NULL,NULL,NULL,NULL,NULL),(129,NULL,'PORTER','CARRIE',NULL,NULL,NULL,NULL,NULL,NULL,NULL,NULL,NULL,NULL,NULL),(130,NULL,'HUNTER','CHARLOTTE',NULL,NULL,NULL,NULL,NULL,NULL,NULL,NULL,NULL,NULL,NULL),(131,NULL,'HICKS','MONICA',NULL,NULL,NULL,NULL,NULL,NULL,NULL,NULL,NULL,NULL,NULL),(132,NULL,'CRAWFORD','ESTHER',NULL,NULL,NULL,NULL,NULL,NULL,NULL,NULL,NULL,NULL,NULL),(133,NULL,'HENRY','PAULINE',NULL,NULL,NULL,NULL,NULL,NULL,NULL,NULL,NULL,NULL,NULL),(134,NULL,'BOYD','EMMA',NULL,NULL,NULL,NULL,NULL,NULL,NULL,NULL,NULL,NULL,NULL),(135,NULL,'MASON','JUANITA',NULL,NULL,NULL,NULL,NULL,NULL,NULL,NULL,NULL,NULL,NULL),(136,NULL,'MORALES','ANITA',NULL,NULL,NULL,NULL,NULL,NULL,NULL,NULL,NULL,NULL,NULL),(137,NULL,'KENNEDY','RHONDA',NULL,NULL,NULL,NULL,NULL,NULL,NULL,NULL,NULL,NULL,NULL),(138,NULL,'WARREN','HAZEL',NULL,NULL,NULL,NULL,NULL,NULL,NULL,NULL,NULL,NULL,NULL),(139,NULL,'DIXON','AMBER',NULL,NULL,NULL,NULL,NULL,NULL,NULL,NULL,NULL,NULL,NULL),(140,NULL,'RAMOS','EVA',NULL,NULL,NULL,NULL,NULL,NULL,NULL,NULL,NULL,NULL,NULL),(141,NULL,'REYES','DEBBIE',NULL,NULL,NULL,NULL,NULL,NULL,NULL,NULL,NULL,NULL,NULL),(142,NULL,'BURNS','APRIL',NULL,NULL,NULL,NULL,NULL,NULL,NULL,NULL,NULL,NULL,NULL),(143,NULL,'GORDON','LESLIE',NULL,NULL,NULL,NULL,NULL,NULL,NULL,NULL,NULL,NULL,NULL),(144,NULL,'SHAW','CLARA',NULL,NULL,NULL,NULL,NULL,NULL,NULL,NULL,NULL,NULL,NULL),(145,NULL,'HOLMES','LUCILLE',NULL,NULL,NULL,NULL,NULL,NULL,NULL,NULL,NULL,NULL,NULL),(146,NULL,'RICE','JAMIE',NULL,NULL,NULL,NULL,NULL,NULL,NULL,NULL,NULL,NULL,NULL),(147,NULL,'ROBERTSON','JOANNE',NULL,NULL,NULL,NULL,NULL,NULL,NULL,NULL,NULL,NULL,NULL),(148,NULL,'HUNT','ELEANOR',NULL,NULL,NULL,NULL,NULL,NULL,NULL,NULL,NULL,NULL,NULL),(149,NULL,'BLACK','VALERIE',NULL,NULL,NULL,NULL,NULL,NULL,NULL,NULL,NULL,NULL,NULL),(150,NULL,'DANIELS','DANIELLE',NULL,NULL,NULL,NULL,NULL,NULL,NULL,NULL,NULL,NULL,NULL),(151,NULL,'PALMER','MEGAN',NULL,NULL,NULL,NULL,NULL,NULL,NULL,NULL,NULL,NULL,NULL),(152,NULL,'MILLS','ALICIA',NULL,NULL,NULL,NULL,NULL,NULL,NULL,NULL,NULL,NULL,NULL),(153,NULL,'NICHOLS','SUZANNE',NULL,NULL,NULL,NULL,NULL,NULL,NULL,NULL,NULL,NULL,NULL),(154,NULL,'GRANT','MICHELE',NULL,NULL,NULL,NULL,NULL,NULL,NULL,NULL,NULL,NULL,NULL),(155,NULL,'KNIGHT','GAIL',NULL,NULL,NULL,NULL,NULL,NULL,NULL,NULL,NULL,NULL,NULL),(156,NULL,'FERGUSON','BERTHA',NULL,NULL,NULL,NULL,NULL,NULL,NULL,NULL,NULL,NULL,NULL),(157,NULL,'ROSE','DARLENE',NULL,NULL,NULL,NULL,NULL,NULL,NULL,NULL,NULL,NULL,NULL),(158,NULL,'STONE','VERONICA',NULL,NULL,NULL,NULL,NULL,NULL,NULL,NULL,NULL,NULL,NULL),(159,NULL,'HAWKINS','JILL',NULL,NULL,NULL,NULL,NULL,NULL,NULL,NULL,NULL,NULL,NULL),(160,NULL,'DUNN','ERIN',NULL,NULL,NULL,NULL,NULL,NULL,NULL,NULL,NULL,NULL,NULL),(161,NULL,'PERKINS','GERALDINE',NULL,NULL,NULL,NULL,NULL,NULL,NULL,NULL,NULL,NULL,NULL),(162,NULL,'HUDSON','LAUREN',NULL,NULL,NULL,NULL,NULL,NULL,NULL,NULL,NULL,NULL,NULL),(163,NULL,'SPENCER','CATHY',NULL,NULL,NULL,NULL,NULL,NULL,NULL,NULL,NULL,NULL,NULL),(164,NULL,'GARDNER','JOANN',NULL,NULL,NULL,NULL,NULL,NULL,NULL,NULL,NULL,NULL,NULL),(165,NULL,'STEPHENS','LORRAINE',NULL,NULL,NULL,NULL,NULL,NULL,NULL,NULL,NULL,NULL,NULL),(166,NULL,'PAYNE','LYNN',NULL,NULL,NULL,NULL,NULL,NULL,NULL,NULL,NULL,NULL,NULL),(167,NULL,'PIERCE','SALLY',NULL,NULL,NULL,NULL,NULL,NULL,NULL,NULL,NULL,NULL,NULL),(168,NULL,'BERRY','REGINA',NULL,NULL,NULL,NULL,NULL,NULL,NULL,NULL,NULL,NULL,NULL),(169,NULL,'MATTHEWS','ERICA',NULL,NULL,NULL,NULL,NULL,NULL,NULL,NULL,NULL,NULL,NULL),(170,NULL,'ARNOLD','BEATRICE',NULL,NULL,NULL,NULL,NULL,NULL,NULL,NULL,NULL,NULL,NULL),(171,NULL,'WAGNER','DOLORES',NULL,NULL,NULL,NULL,NULL,NULL,NULL,NULL,NULL,NULL,NULL),(172,NULL,'WILLIS','BERNICE',NULL,NULL,NULL,NULL,NULL,NULL,NULL,NULL,NULL,NULL,NULL),(173,NULL,'RAY','AUDREY',NULL,NULL,NULL,NULL,NULL,NULL,NULL,NULL,NULL,NULL,NULL),(174,NULL,'WATKINS','YVONNE',NULL,NULL,NULL,NULL,NULL,NULL,NULL,NULL,NULL,NULL,NULL),(175,NULL,'OLSON','ANNETTE',NULL,NULL,NULL,NULL,NULL,NULL,NULL,NULL,NULL,NULL,NULL),(176,NULL,'CARROLL','JUNE',NULL,NULL,NULL,NULL,NULL,NULL,NULL,NULL,NULL,NULL,NULL),(177,NULL,'DUNCAN','SAMANTHA',NULL,NULL,NULL,NULL,NULL,NULL,NULL,NULL,NULL,NULL,NULL),(178,NULL,'SNYDER','MARION',NULL,NULL,NULL,NULL,NULL,NULL,NULL,NULL,NULL,NULL,NULL),(179,NULL,'HART','DANA',NULL,NULL,NULL,NULL,NULL,NULL,NULL,NULL,NULL,NULL,NULL),(180,NULL,'CUNNINGHAM','STACY',NULL,NULL,NULL,NULL,NULL,NULL,NULL,NULL,NULL,NULL,NULL),(181,NULL,'BRADLEY','ANA',NULL,NULL,NULL,NULL,NULL,NULL,NULL,NULL,NULL,NULL,NULL),(182,NULL,'LANE','RENEE',NULL,NULL,NULL,NULL,NULL,NULL,NULL,NULL,NULL,NULL,NULL),(183,NULL,'ANDREWS','IDA',NULL,NULL,NULL,NULL,NULL,NULL,NULL,NULL,NULL,NULL,NULL),(184,NULL,'RUIZ','VIVIAN',NULL,NULL,NULL,NULL,NULL,NULL,NULL,NULL,NULL,NULL,NULL),(185,NULL,'HARPER','ROBERTA',NULL,NULL,NULL,NULL,NULL,NULL,NULL,NULL,NULL,NULL,NULL),(186,NULL,'FOX','HOLLY',NULL,NULL,NULL,NULL,NULL,NULL,NULL,NULL,NULL,NULL,NULL),(187,NULL,'RILEY','BRITTANY',NULL,NULL,NULL,NULL,NULL,NULL,NULL,NULL,NULL,NULL,NULL),(188,NULL,'ARMSTRONG','MELANIE',NULL,NULL,NULL,NULL,NULL,NULL,NULL,NULL,NULL,NULL,NULL),(189,NULL,'CARPENTER','LORETTA',NULL,NULL,NULL,NULL,NULL,NULL,NULL,NULL,NULL,NULL,NULL),(190,NULL,'WEAVER','YOLANDA',NULL,NULL,NULL,NULL,NULL,NULL,NULL,NULL,NULL,NULL,NULL),(191,NULL,'GREENE','JEANETTE',NULL,NULL,NULL,NULL,NULL,NULL,NULL,NULL,NULL,NULL,NULL),(192,NULL,'LAWRENCE','LAURIE',NULL,NULL,NULL,NULL,NULL,NULL,NULL,NULL,NULL,NULL,NULL),(193,NULL,'ELLIOTT','KATIE',NULL,NULL,NULL,NULL,NULL,NULL,NULL,NULL,NULL,NULL,NULL),(194,NULL,'CHAVEZ','KRISTEN',NULL,NULL,NULL,NULL,NULL,NULL,NULL,NULL,NULL,NULL,NULL),(195,NULL,'SIMS','VANESSA',NULL,NULL,NULL,NULL,NULL,NULL,NULL,NULL,NULL,NULL,NULL),(196,NULL,'AUSTIN','ALMA',NULL,NULL,NULL,NULL,NULL,NULL,NULL,NULL,NULL,NULL,NULL),(197,NULL,'PETERS','SUE',NULL,NULL,NULL,NULL,NULL,NULL,NULL,NULL,NULL,NULL,NULL),(198,NULL,'KELLEY','ELSIE',NULL,NULL,NULL,NULL,NULL,NULL,NULL,NULL,NULL,NULL,NULL),(199,NULL,'FRANKLIN','BETH',NULL,NULL,NULL,NULL,NULL,NULL,NULL,NULL,NULL,NULL,NULL),(200,NULL,'LAWSON','JEANNE',NULL,NULL,NULL,NULL,NULL,NULL,NULL,NULL,NULL,NULL,NULL),(201,NULL,'FIELDS','VICKI',NULL,NULL,NULL,NULL,NULL,NULL,NULL,NULL,NULL,NULL,NULL),(202,NULL,'GUTIERREZ','CARLA',NULL,NULL,NULL,NULL,NULL,NULL,NULL,NULL,NULL,NULL,NULL),(203,NULL,'RYAN','TARA',NULL,NULL,NULL,NULL,NULL,NULL,NULL,NULL,NULL,NULL,NULL),(204,NULL,'SCHMIDT','ROSEMARY',NULL,NULL,NULL,NULL,NULL,NULL,NULL,NULL,NULL,NULL,NULL),(205,NULL,'CARR','EILEEN',NULL,NULL,NULL,NULL,NULL,NULL,NULL,NULL,NULL,NULL,NULL),(206,NULL,'VASQUEZ','TERRI',NULL,NULL,NULL,NULL,NULL,NULL,NULL,NULL,NULL,NULL,NULL),(207,NULL,'CASTILLO','GERTRUDE',NULL,NULL,NULL,NULL,NULL,NULL,NULL,NULL,NULL,NULL,NULL),(208,NULL,'WHEELER','LUCY',NULL,NULL,NULL,NULL,NULL,NULL,NULL,NULL,NULL,NULL,NULL),(209,NULL,'CHAPMAN','TONYA',NULL,NULL,NULL,NULL,NULL,NULL,NULL,NULL,NULL,NULL,NULL),(210,NULL,'OLIVER','ELLA',NULL,NULL,NULL,NULL,NULL,NULL,NULL,NULL,NULL,NULL,NULL),(211,NULL,'MONTGOMERY','STACEY',NULL,NULL,NULL,NULL,NULL,NULL,NULL,NULL,NULL,NULL,NULL),(212,NULL,'RICHARDS','WILMA',NULL,NULL,NULL,NULL,NULL,NULL,NULL,NULL,NULL,NULL,NULL),(213,NULL,'WILLIAMSON','GINA',NULL,NULL,NULL,NULL,NULL,NULL,NULL,NULL,NULL,NULL,NULL),(214,NULL,'JOHNSTON','KRISTIN',NULL,NULL,NULL,NULL,NULL,NULL,NULL,NULL,NULL,NULL,NULL),(215,NULL,'BANKS','JESSIE',NULL,NULL,NULL,NULL,NULL,NULL,NULL,NULL,NULL,NULL,NULL),(216,NULL,'MEYER','NATALIE',NULL,NULL,NULL,NULL,NULL,NULL,NULL,NULL,NULL,NULL,NULL),(217,NULL,'BISHOP','AGNES',NULL,NULL,NULL,NULL,NULL,NULL,NULL,NULL,NULL,NULL,NULL),(218,NULL,'MCCOY','VERA',NULL,NULL,NULL,NULL,NULL,NULL,NULL,NULL,NULL,NULL,NULL),(219,NULL,'HOWELL','WILLIE',NULL,NULL,NULL,NULL,NULL,NULL,NULL,NULL,NULL,NULL,NULL),(220,NULL,'ALVAREZ','CHARLENE',NULL,NULL,NULL,NULL,NULL,NULL,NULL,NULL,NULL,NULL,NULL),(221,NULL,'MORRISON','BESSIE',NULL,NULL,NULL,NULL,NULL,NULL,NULL,NULL,NULL,NULL,NULL),(222,NULL,'HANSEN','DELORES',NULL,NULL,NULL,NULL,NULL,NULL,NULL,NULL,NULL,NULL,NULL),(223,NULL,'FERNANDEZ','MELINDA',NULL,NULL,NULL,NULL,NULL,NULL,NULL,NULL,NULL,NULL,NULL),(224,NULL,'GARZA','PEARL',NULL,NULL,NULL,NULL,NULL,NULL,NULL,NULL,NULL,NULL,NULL),(225,NULL,'HARVEY','ARLENE',NULL,NULL,NULL,NULL,NULL,NULL,NULL,NULL,NULL,NULL,NULL),(226,NULL,'LITTLE','MAUREEN',NULL,NULL,NULL,NULL,NULL,NULL,NULL,NULL,NULL,NULL,NULL),(227,NULL,'BURTON','COLLEEN',NULL,NULL,NULL,NULL,NULL,NULL,NULL,NULL,NULL,NULL,NULL),(228,NULL,'STANLEY','ALLISON',NULL,NULL,NULL,NULL,NULL,NULL,NULL,NULL,NULL,NULL,NULL),(229,NULL,'NGUYEN','TAMARA',NULL,NULL,NULL,NULL,NULL,NULL,NULL,NULL,NULL,NULL,NULL),(230,NULL,'GEORGE','JOY',NULL,NULL,NULL,NULL,NULL,NULL,NULL,NULL,NULL,NULL,NULL),(231,NULL,'JACOBS','GEORGIA',NULL,NULL,NULL,NULL,NULL,NULL,NULL,NULL,NULL,NULL,NULL),(232,NULL,'REID','CONSTANCE',NULL,NULL,NULL,NULL,NULL,NULL,NULL,NULL,NULL,NULL,NULL),(233,NULL,'KIM','LILLIE',NULL,NULL,NULL,NULL,NULL,NULL,NULL,NULL,NULL,NULL,NULL),(234,NULL,'FULLER','CLAUDIA',NULL,NULL,NULL,NULL,NULL,NULL,NULL,NULL,NULL,NULL,NULL),(235,NULL,'LYNCH','JACKIE',NULL,NULL,NULL,NULL,NULL,NULL,NULL,NULL,NULL,NULL,NULL),(236,NULL,'DEAN','MARCIA',NULL,NULL,NULL,NULL,NULL,NULL,NULL,NULL,NULL,NULL,NULL),(237,NULL,'GILBERT','TANYA',NULL,NULL,NULL,NULL,NULL,NULL,NULL,NULL,NULL,NULL,NULL),(238,NULL,'GARRETT','NELLIE',NULL,NULL,NULL,NULL,NULL,NULL,NULL,NULL,NULL,NULL,NULL),(239,NULL,'ROMERO','MINNIE',NULL,NULL,NULL,NULL,NULL,NULL,NULL,NULL,NULL,NULL,NULL),(240,NULL,'WELCH','MARLENE',NULL,NULL,NULL,NULL,NULL,NULL,NULL,NULL,NULL,NULL,NULL),(241,NULL,'LARSON','HEIDI',NULL,NULL,NULL,NULL,NULL,NULL,NULL,NULL,NULL,NULL,NULL),(242,NULL,'FRAZIER','GLENDA',NULL,NULL,NULL,NULL,NULL,NULL,NULL,NULL,NULL,NULL,NULL),(243,NULL,'BURKE','LYDIA',NULL,NULL,NULL,NULL,NULL,NULL,NULL,NULL,NULL,NULL,NULL),(244,NULL,'HANSON','VIOLA',NULL,NULL,NULL,NULL,NULL,NULL,NULL,NULL,NULL,NULL,NULL),(245,NULL,'DAY','COURTNEY',NULL,NULL,NULL,NULL,NULL,NULL,NULL,NULL,NULL,NULL,NULL),(246,NULL,'MENDOZA','MARIAN',NULL,NULL,NULL,NULL,NULL,NULL,NULL,NULL,NULL,NULL,NULL),(247,NULL,'MORENO','STELLA',NULL,NULL,NULL,NULL,NULL,NULL,NULL,NULL,NULL,NULL,NULL),(248,NULL,'BOWMAN','CAROLINE',NULL,NULL,NULL,NULL,NULL,NULL,NULL,NULL,NULL,NULL,NULL),(249,NULL,'MEDINA','DORA',NULL,NULL,NULL,NULL,NULL,NULL,NULL,NULL,NULL,NULL,NULL),(250,NULL,'FOWLER','JO',NULL,NULL,NULL,NULL,NULL,NULL,NULL,NULL,NULL,NULL,NULL),(251,NULL,'BREWER','VICKIE',NULL,NULL,NULL,NULL,NULL,NULL,NULL,NULL,NULL,NULL,NULL),(252,NULL,'HOFFMAN','MATTIE',NULL,NULL,NULL,NULL,NULL,NULL,NULL,NULL,NULL,NULL,NULL),(253,NULL,'CARLSON','TERRY',NULL,NULL,NULL,NULL,NULL,NULL,NULL,NULL,NULL,NULL,NULL),(254,NULL,'SILVA','MAXINE',NULL,NULL,NULL,NULL,NULL,NULL,NULL,NULL,NULL,NULL,NULL),(255,NULL,'PEARSON','IRMA',NULL,NULL,NULL,NULL,NULL,NULL,NULL,NULL,NULL,NULL,NULL),(256,NULL,'HOLLAND','MABEL',NULL,NULL,NULL,NULL,NULL,NULL,NULL,NULL,NULL,NULL,NULL),(257,NULL,'DOUGLAS','MARSHA',NULL,NULL,NULL,NULL,NULL,NULL,NULL,NULL,NULL,NULL,NULL),(258,NULL,'FLEMING','MYRTLE',NULL,NULL,NULL,NULL,NULL,NULL,NULL,NULL,NULL,NULL,NULL),(259,NULL,'JENSEN','LENA',NULL,NULL,NULL,NULL,NULL,NULL,NULL,NULL,NULL,NULL,NULL),(260,NULL,'VARGAS','CHRISTY',NULL,NULL,NULL,NULL,NULL,NULL,NULL,NULL,NULL,NULL,NULL),(261,NULL,'BYRD','DEANNA',NULL,NULL,NULL,NULL,NULL,NULL,NULL,NULL,NULL,NULL,NULL),(262,NULL,'DAVIDSON','PATSY',NULL,NULL,NULL,NULL,NULL,NULL,NULL,NULL,NULL,NULL,NULL),(263,NULL,'HOPKINS','HILDA',NULL,NULL,NULL,NULL,NULL,NULL,NULL,NULL,NULL,NULL,NULL),(264,NULL,'MAY','GWENDOLYN',NULL,NULL,NULL,NULL,NULL,NULL,NULL,NULL,NULL,NULL,NULL),(265,NULL,'TERRY','JENNIE',NULL,NULL,NULL,NULL,NULL,NULL,NULL,NULL,NULL,NULL,NULL),(266,NULL,'HERRERA','NORA',NULL,NULL,NULL,NULL,NULL,NULL,NULL,NULL,NULL,NULL,NULL),(267,NULL,'WADE','MARGIE',NULL,NULL,NULL,NULL,NULL,NULL,NULL,NULL,NULL,NULL,NULL),(268,NULL,'SOTO','NINA',NULL,NULL,NULL,NULL,NULL,NULL,NULL,NULL,NULL,NULL,NULL),(269,NULL,'WALTERS','CASSANDRA',NULL,NULL,NULL,NULL,NULL,NULL,NULL,NULL,NULL,NULL,NULL),(270,NULL,'CURTIS','LEAH',NULL,NULL,NULL,NULL,NULL,NULL,NULL,NULL,NULL,NULL,NULL),(271,NULL,'NEAL','PENNY',NULL,NULL,NULL,NULL,NULL,NULL,NULL,NULL,NULL,NULL,NULL),(272,NULL,'CALDWELL','KAY',NULL,NULL,NULL,NULL,NULL,NULL,NULL,NULL,NULL,NULL,NULL),(273,NULL,'LOWE','PRISCILLA',NULL,NULL,NULL,NULL,NULL,NULL,NULL,NULL,NULL,NULL,NULL),(274,NULL,'JENNINGS','NAOMI',NULL,NULL,NULL,NULL,NULL,NULL,NULL,NULL,NULL,NULL,NULL),(275,NULL,'BARNETT','CAROLE',NULL,NULL,NULL,NULL,NULL,NULL,NULL,NULL,NULL,NULL,NULL),(276,NULL,'GRAVES','BRANDY',NULL,NULL,NULL,NULL,NULL,NULL,NULL,NULL,NULL,NULL,NULL),(277,NULL,'JIMENEZ','OLGA',NULL,NULL,NULL,NULL,NULL,NULL,NULL,NULL,NULL,NULL,NULL),(278,NULL,'HORTON','BILLIE',NULL,NULL,NULL,NULL,NULL,NULL,NULL,NULL,NULL,NULL,NULL),(279,NULL,'SHELTON','DIANNE',NULL,NULL,NULL,NULL,NULL,NULL,NULL,NULL,NULL,NULL,NULL),(280,NULL,'BARRETT','TRACEY',NULL,NULL,NULL,NULL,NULL,NULL,NULL,NULL,NULL,NULL,NULL),(281,NULL,'OBRIEN','LEONA',NULL,NULL,NULL,NULL,NULL,NULL,NULL,NULL,NULL,NULL,NULL),(282,NULL,'CASTRO','JENNY',NULL,NULL,NULL,NULL,NULL,NULL,NULL,NULL,NULL,NULL,NULL),(283,NULL,'SUTTON','FELICIA',NULL,NULL,NULL,NULL,NULL,NULL,NULL,NULL,NULL,NULL,NULL),(284,NULL,'GREGORY','SONIA',NULL,NULL,NULL,NULL,NULL,NULL,NULL,NULL,NULL,NULL,NULL),(285,NULL,'MCKINNEY','MIRIAM',NULL,NULL,NULL,NULL,NULL,NULL,NULL,NULL,NULL,NULL,NULL),(286,NULL,'LUCAS','VELMA',NULL,NULL,NULL,NULL,NULL,NULL,NULL,NULL,NULL,NULL,NULL),(287,NULL,'MILES','BECKY',NULL,NULL,NULL,NULL,NULL,NULL,NULL,NULL,NULL,NULL,NULL),(288,NULL,'CRAIG','BOBBIE',NULL,NULL,NULL,NULL,NULL,NULL,NULL,NULL,NULL,NULL,NULL),(289,NULL,'RODRIQUEZ','VIOLET',NULL,NULL,NULL,NULL,NULL,NULL,NULL,NULL,NULL,NULL,NULL),(290,NULL,'CHAMBERS','KRISTINA',NULL,NULL,NULL,NULL,NULL,NULL,NULL,NULL,NULL,NULL,NULL),(291,NULL,'HOLT','TONI',NULL,NULL,NULL,NULL,NULL,NULL,NULL,NULL,NULL,NULL,NULL),(292,NULL,'LAMBERT','MISTY',NULL,NULL,NULL,NULL,NULL,NULL,NULL,NULL,NULL,NULL,NULL),(293,NULL,'FLETCHER','MAE',NULL,NULL,NULL,NULL,NULL,NULL,NULL,NULL,NULL,NULL,NULL),(294,NULL,'WATTS','SHELLY',NULL,NULL,NULL,NULL,NULL,NULL,NULL,NULL,NULL,NULL,NULL),(295,NULL,'BATES','DAISY',NULL,NULL,NULL,NULL,NULL,NULL,NULL,NULL,NULL,NULL,NULL),(296,NULL,'HALE','RAMONA',NULL,NULL,NULL,NULL,NULL,NULL,NULL,NULL,NULL,NULL,NULL),(297,NULL,'RHODES','SHERRI',NULL,NULL,NULL,NULL,NULL,NULL,NULL,NULL,NULL,NULL,NULL),(298,NULL,'PENA','ERIKA',NULL,NULL,NULL,NULL,NULL,NULL,NULL,NULL,NULL,NULL,NULL),(299,NULL,'GANNON','JAMES',NULL,NULL,NULL,NULL,NULL,NULL,NULL,NULL,NULL,NULL,NULL),(300,NULL,'FARNSWORTH','JOHN',NULL,NULL,NULL,NULL,NULL,NULL,NULL,NULL,NULL,NULL,NULL),(301,NULL,'BAUGHMAN','ROBERT',NULL,NULL,NULL,NULL,NULL,NULL,NULL,NULL,NULL,NULL,NULL),(302,NULL,'SILVERMAN','MICHAEL',NULL,NULL,NULL,NULL,NULL,NULL,NULL,NULL,NULL,NULL,NULL),(303,NULL,'SATTERFIELD','WILLIAM',NULL,NULL,NULL,NULL,NULL,NULL,NULL,NULL,NULL,NULL,NULL),(304,NULL,'ROYAL','DAVID',NULL,NULL,NULL,NULL,NULL,NULL,NULL,NULL,NULL,NULL,NULL),(305,NULL,'MCCRARY','RICHARD',NULL,NULL,NULL,NULL,NULL,NULL,NULL,NULL,NULL,NULL,NULL),(306,NULL,'KOWALSKI','CHARLES',NULL,NULL,NULL,NULL,NULL,NULL,NULL,NULL,NULL,NULL,NULL),(307,NULL,'JOY','JOSEPH',NULL,NULL,NULL,NULL,NULL,NULL,NULL,NULL,NULL,NULL,NULL),(308,NULL,'GRIGSBY','THOMAS',NULL,NULL,NULL,NULL,NULL,NULL,NULL,NULL,NULL,NULL,NULL),(309,NULL,'GRECO','CHRISTOPHER',NULL,NULL,NULL,NULL,NULL,NULL,NULL,NULL,NULL,NULL,NULL),(310,NULL,'CABRAL','DANIEL',NULL,NULL,NULL,NULL,NULL,NULL,NULL,NULL,NULL,NULL,NULL),(311,NULL,'TROUT','PAUL',NULL,NULL,NULL,NULL,NULL,NULL,NULL,NULL,NULL,NULL,NULL),(312,NULL,'RINEHART','MARK',NULL,NULL,NULL,NULL,NULL,NULL,NULL,NULL,NULL,NULL,NULL),(313,NULL,'MAHON','DONALD',NULL,NULL,NULL,NULL,NULL,NULL,NULL,NULL,NULL,NULL,NULL),(314,NULL,'LINTON','GEORGE',NULL,NULL,NULL,NULL,NULL,NULL,NULL,NULL,NULL,NULL,NULL),(315,NULL,'GOODEN','KENNETH',NULL,NULL,NULL,NULL,NULL,NULL,NULL,NULL,NULL,NULL,NULL),(316,NULL,'CURLEY','STEVEN',NULL,NULL,NULL,NULL,NULL,NULL,NULL,NULL,NULL,NULL,NULL),(317,NULL,'BAUGH','EDWARD',NULL,NULL,NULL,NULL,NULL,NULL,NULL,NULL,NULL,NULL,NULL),(318,NULL,'WYMAN','BRIAN',NULL,NULL,NULL,NULL,NULL,NULL,NULL,NULL,NULL,NULL,NULL),(319,NULL,'WEINER','RONALD',NULL,NULL,NULL,NULL,NULL,NULL,NULL,NULL,NULL,NULL,NULL),(320,NULL,'SCHWAB','ANTHONY',NULL,NULL,NULL,NULL,NULL,NULL,NULL,NULL,NULL,NULL,NULL),(321,NULL,'SCHULER','KEVIN',NULL,NULL,NULL,NULL,NULL,NULL,NULL,NULL,NULL,NULL,NULL),(322,NULL,'MORRISSEY','JASON',NULL,NULL,NULL,NULL,NULL,NULL,NULL,NULL,NULL,NULL,NULL),(323,NULL,'MAHAN','MATTHEW',NULL,NULL,NULL,NULL,NULL,NULL,NULL,NULL,NULL,NULL,NULL),(324,NULL,'COY','GARY',NULL,NULL,NULL,NULL,NULL,NULL,NULL,NULL,NULL,NULL,NULL),(325,NULL,'BUNN','TIMOTHY',NULL,NULL,NULL,NULL,NULL,NULL,NULL,NULL,NULL,NULL,NULL),(326,NULL,'ANDREW','JOSE',NULL,NULL,NULL,NULL,NULL,NULL,NULL,NULL,NULL,NULL,NULL),(327,NULL,'THRASHER','LARRY',NULL,NULL,NULL,NULL,NULL,NULL,NULL,NULL,NULL,NULL,NULL),(328,NULL,'SPEAR','JEFFREY',NULL,NULL,NULL,NULL,NULL,NULL,NULL,NULL,NULL,NULL,NULL),(329,NULL,'WAGGONER','FRANK',NULL,NULL,NULL,NULL,NULL,NULL,NULL,NULL,NULL,NULL,NULL),(330,NULL,'SHELLEY','SCOTT',NULL,NULL,NULL,NULL,NULL,NULL,NULL,NULL,NULL,NULL,NULL),(331,NULL,'ROBERT','ERIC',NULL,NULL,NULL,NULL,NULL,NULL,NULL,NULL,NULL,NULL,NULL),(332,NULL,'QUALLS','STEPHEN',NULL,NULL,NULL,NULL,NULL,NULL,NULL,NULL,NULL,NULL,NULL),(333,NULL,'PURDY','ANDREW',NULL,NULL,NULL,NULL,NULL,NULL,NULL,NULL,NULL,NULL,NULL),(334,NULL,'MCWHORTER','RAYMOND',NULL,NULL,NULL,NULL,NULL,NULL,NULL,NULL,NULL,NULL,NULL),(335,NULL,'MAULDIN','GREGORY',NULL,NULL,NULL,NULL,NULL,NULL,NULL,NULL,NULL,NULL,NULL),(336,NULL,'MARK','JOSHUA',NULL,NULL,NULL,NULL,NULL,NULL,NULL,NULL,NULL,NULL,NULL),(337,NULL,'JORDON','JERRY',NULL,NULL,NULL,NULL,NULL,NULL,NULL,NULL,NULL,NULL,NULL),(338,NULL,'GILMAN','DENNIS',NULL,NULL,NULL,NULL,NULL,NULL,NULL,NULL,NULL,NULL,NULL),(339,NULL,'PERRYMAN','WALTER',NULL,NULL,NULL,NULL,NULL,NULL,NULL,NULL,NULL,NULL,NULL),(340,NULL,'NEWSOM','PATRICK',NULL,NULL,NULL,NULL,NULL,NULL,NULL,NULL,NULL,NULL,NULL),(341,NULL,'MENARD','PETER',NULL,NULL,NULL,NULL,NULL,NULL,NULL,NULL,NULL,NULL,NULL),(342,NULL,'MARTINO','HAROLD',NULL,NULL,NULL,NULL,NULL,NULL,NULL,NULL,NULL,NULL,NULL),(343,NULL,'GRAF','DOUGLAS',NULL,NULL,NULL,NULL,NULL,NULL,NULL,NULL,NULL,NULL,NULL),(344,NULL,'BILLINGSLEY','HENRY',NULL,NULL,NULL,NULL,NULL,NULL,NULL,NULL,NULL,NULL,NULL),(345,NULL,'ARTIS','CARL',NULL,NULL,NULL,NULL,NULL,NULL,NULL,NULL,NULL,NULL,NULL),(346,NULL,'SIMPKINS','ARTHUR',NULL,NULL,NULL,NULL,NULL,NULL,NULL,NULL,NULL,NULL,NULL),(347,NULL,'SALISBURY','RYAN',NULL,NULL,NULL,NULL,NULL,NULL,NULL,NULL,NULL,NULL,NULL),(348,NULL,'QUINTANILLA','ROGER',NULL,NULL,NULL,NULL,NULL,NULL,NULL,NULL,NULL,NULL,NULL),(349,NULL,'GILLILAND','JOE',NULL,NULL,NULL,NULL,NULL,NULL,NULL,NULL,NULL,NULL,NULL),(350,NULL,'FRALEY','JUAN',NULL,NULL,NULL,NULL,NULL,NULL,NULL,NULL,NULL,NULL,NULL),(351,NULL,'FOUST','JACK',NULL,NULL,NULL,NULL,NULL,NULL,NULL,NULL,NULL,NULL,NULL),(352,NULL,'CROUSE','ALBERT',NULL,NULL,NULL,NULL,NULL,NULL,NULL,NULL,NULL,NULL,NULL),(353,NULL,'SCARBOROUGH','JONATHAN',NULL,NULL,NULL,NULL,NULL,NULL,NULL,NULL,NULL,NULL,NULL),(354,NULL,'NGO','JUSTIN',NULL,NULL,NULL,NULL,NULL,NULL,NULL,NULL,NULL,NULL,NULL),(355,NULL,'GRISSOM','TERRY',NULL,NULL,NULL,NULL,NULL,NULL,NULL,NULL,NULL,NULL,NULL),(356,NULL,'FULTZ','GERALD',NULL,NULL,NULL,NULL,NULL,NULL,NULL,NULL,NULL,NULL,NULL),(357,NULL,'RICO','KEITH',NULL,NULL,NULL,NULL,NULL,NULL,NULL,NULL,NULL,NULL,NULL),(358,NULL,'MARLOW','SAMUEL',NULL,NULL,NULL,NULL,NULL,NULL,NULL,NULL,NULL,NULL,NULL),(359,NULL,'MARKHAM','WILLIE',NULL,NULL,NULL,NULL,NULL,NULL,NULL,NULL,NULL,NULL,NULL),(360,NULL,'MADRIGAL','RALPH',NULL,NULL,NULL,NULL,NULL,NULL,NULL,NULL,NULL,NULL,NULL),(361,NULL,'LAWTON','LAWRENCE',NULL,NULL,NULL,NULL,NULL,NULL,NULL,NULL,NULL,NULL,NULL),(362,NULL,'BARFIELD','NICHOLAS',NULL,NULL,NULL,NULL,NULL,NULL,NULL,NULL,NULL,NULL,NULL),(363,NULL,'WHITING','ROY',NULL,NULL,NULL,NULL,NULL,NULL,NULL,NULL,NULL,NULL,NULL),(364,NULL,'VARNEY','BENJAMIN',NULL,NULL,NULL,NULL,NULL,NULL,NULL,NULL,NULL,NULL,NULL),(365,NULL,'SCHWARZ','BRUCE',NULL,NULL,NULL,NULL,NULL,NULL,NULL,NULL,NULL,NULL,NULL),(366,NULL,'HUEY','BRANDON',NULL,NULL,NULL,NULL,NULL,NULL,NULL,NULL,NULL,NULL,NULL),(367,NULL,'GOOCH','ADAM',NULL,NULL,NULL,NULL,NULL,NULL,NULL,NULL,NULL,NULL,NULL),(368,NULL,'ARCE','HARRY',NULL,NULL,NULL,NULL,NULL,NULL,NULL,NULL,NULL,NULL,NULL),(369,NULL,'WHEAT','FRED',NULL,NULL,NULL,NULL,NULL,NULL,NULL,NULL,NULL,NULL,NULL),(370,NULL,'TRUONG','WAYNE',NULL,NULL,NULL,NULL,NULL,NULL,NULL,NULL,NULL,NULL,NULL),(371,NULL,'POULIN','BILLY',NULL,NULL,NULL,NULL,NULL,NULL,NULL,NULL,NULL,NULL,NULL),(372,NULL,'MACKENZIE','STEVE',NULL,NULL,NULL,NULL,NULL,NULL,NULL,NULL,NULL,NULL,NULL),(373,NULL,'LEONE','LOUIS',NULL,NULL,NULL,NULL,NULL,NULL,NULL,NULL,NULL,NULL,NULL),(374,NULL,'HURTADO','JEREMY',NULL,NULL,NULL,NULL,NULL,NULL,NULL,NULL,NULL,NULL,NULL),(375,NULL,'SELBY','AARON',NULL,NULL,NULL,NULL,NULL,NULL,NULL,NULL,NULL,NULL,NULL),(376,NULL,'GAITHER','RANDY',NULL,NULL,NULL,NULL,NULL,NULL,NULL,NULL,NULL,NULL,NULL),(377,NULL,'FORTNER','HOWARD',NULL,NULL,NULL,NULL,NULL,NULL,NULL,NULL,NULL,NULL,NULL),(378,NULL,'CULPEPPER','EUGENE',NULL,NULL,NULL,NULL,NULL,NULL,NULL,NULL,NULL,NULL,NULL),(379,NULL,'COUGHLIN','CARLOS',NULL,NULL,NULL,NULL,NULL,NULL,NULL,NULL,NULL,NULL,NULL),(380,NULL,'BRINSON','RUSSELL',NULL,NULL,NULL,NULL,NULL,NULL,NULL,NULL,NULL,NULL,NULL),(381,NULL,'BOUDREAU','BOBBY',NULL,NULL,NULL,NULL,NULL,NULL,NULL,NULL,NULL,NULL,NULL),(382,NULL,'BARKLEY','VICTOR',NULL,NULL,NULL,NULL,NULL,NULL,NULL,NULL,NULL,NULL,NULL),(383,NULL,'BALES','MARTIN',NULL,NULL,NULL,NULL,NULL,NULL,NULL,NULL,NULL,NULL,NULL),(384,NULL,'STEPP','ERNEST',NULL,NULL,NULL,NULL,NULL,NULL,NULL,NULL,NULL,NULL,NULL),(385,NULL,'HOLM','PHILLIP',NULL,NULL,NULL,NULL,NULL,NULL,NULL,NULL,NULL,NULL,NULL),(386,NULL,'TAN','TODD',NULL,NULL,NULL,NULL,NULL,NULL,NULL,NULL,NULL,NULL,NULL),(387,NULL,'SCHILLING','JESSE',NULL,NULL,NULL,NULL,NULL,NULL,NULL,NULL,NULL,NULL,NULL),(388,NULL,'MORRELL','CRAIG',NULL,NULL,NULL,NULL,NULL,NULL,NULL,NULL,NULL,NULL,NULL),(389,NULL,'KAHN','ALAN',NULL,NULL,NULL,NULL,NULL,NULL,NULL,NULL,NULL,NULL,NULL),(390,NULL,'HEATON','SHAWN',NULL,NULL,NULL,NULL,NULL,NULL,NULL,NULL,NULL,NULL,NULL),(391,NULL,'GAMEZ','CLARENCE',NULL,NULL,NULL,NULL,NULL,NULL,NULL,NULL,NULL,NULL,NULL),(392,NULL,'DOUGLASS','SEAN',NULL,NULL,NULL,NULL,NULL,NULL,NULL,NULL,NULL,NULL,NULL),(393,NULL,'CAUSEY','PHILIP',NULL,NULL,NULL,NULL,NULL,NULL,NULL,NULL,NULL,NULL,NULL),(394,NULL,'BROTHERS','CHRIS',NULL,NULL,NULL,NULL,NULL,NULL,NULL,NULL,NULL,NULL,NULL),(395,NULL,'TURPIN','JOHNNY',NULL,NULL,NULL,NULL,NULL,NULL,NULL,NULL,NULL,NULL,NULL),(396,NULL,'SHANKS','EARL',NULL,NULL,NULL,NULL,NULL,NULL,NULL,NULL,NULL,NULL,NULL),(397,NULL,'SCHRADER','JIMMY',NULL,NULL,NULL,NULL,NULL,NULL,NULL,NULL,NULL,NULL,NULL),(398,NULL,'MEEK','ANTONIO',NULL,NULL,NULL,NULL,NULL,NULL,NULL,NULL,NULL,NULL,NULL),(399,NULL,'ISOM','DANNY',NULL,NULL,NULL,NULL,NULL,NULL,NULL,NULL,NULL,NULL,NULL),(400,NULL,'HARDISON','BRYAN',NULL,NULL,NULL,NULL,NULL,NULL,NULL,NULL,NULL,NULL,NULL),(401,NULL,'CARRANZA','TONY',NULL,NULL,NULL,NULL,NULL,NULL,NULL,NULL,NULL,NULL,NULL),(402,NULL,'YANEZ','LUIS',NULL,NULL,NULL,NULL,NULL,NULL,NULL,NULL,NULL,NULL,NULL),(403,NULL,'WAY','MIKE',NULL,NULL,NULL,NULL,NULL,NULL,NULL,NULL,NULL,NULL,NULL),(404,NULL,'SCROGGINS','STANLEY',NULL,NULL,NULL,NULL,NULL,NULL,NULL,NULL,NULL,NULL,NULL),(405,NULL,'SCHOFIELD','LEONARD',NULL,NULL,NULL,NULL,NULL,NULL,NULL,NULL,NULL,NULL,NULL),(406,NULL,'RUNYON','NATHAN',NULL,NULL,NULL,NULL,NULL,NULL,NULL,NULL,NULL,NULL,NULL),(407,NULL,'RATCLIFF','DALE',NULL,NULL,NULL,NULL,NULL,NULL,NULL,NULL,NULL,NULL,NULL),(408,NULL,'MURRELL','MANUEL',NULL,NULL,NULL,NULL,NULL,NULL,NULL,NULL,NULL,NULL,NULL),(409,NULL,'MOELLER','RODNEY',NULL,NULL,NULL,NULL,NULL,NULL,NULL,NULL,NULL,NULL,NULL),(410,NULL,'IRBY','CURTIS',NULL,NULL,NULL,NULL,NULL,NULL,NULL,NULL,NULL,NULL,NULL),(411,NULL,'CURRIER','NORMAN',NULL,NULL,NULL,NULL,NULL,NULL,NULL,NULL,NULL,NULL,NULL),(412,NULL,'BUTTERFIELD','ALLEN',NULL,NULL,NULL,NULL,NULL,NULL,NULL,NULL,NULL,NULL,NULL),(413,NULL,'YEE','MARVIN',NULL,NULL,NULL,NULL,NULL,NULL,NULL,NULL,NULL,NULL,NULL),(414,NULL,'RALSTON','VINCENT',NULL,NULL,NULL,NULL,NULL,NULL,NULL,NULL,NULL,NULL,NULL),(415,NULL,'PULLEN','GLENN',NULL,NULL,NULL,NULL,NULL,NULL,NULL,NULL,NULL,NULL,NULL),(416,NULL,'PINSON','JEFFERY',NULL,NULL,NULL,NULL,NULL,NULL,NULL,NULL,NULL,NULL,NULL),(417,NULL,'ESTEP','TRAVIS',NULL,NULL,NULL,NULL,NULL,NULL,NULL,NULL,NULL,NULL,NULL),(418,NULL,'EAST','JEFF',NULL,NULL,NULL,NULL,NULL,NULL,NULL,NULL,NULL,NULL,NULL),(419,NULL,'CARBONE','CHAD',NULL,NULL,NULL,NULL,NULL,NULL,NULL,NULL,NULL,NULL,NULL),(420,NULL,'LANCE','JACOB',NULL,NULL,NULL,NULL,NULL,NULL,NULL,NULL,NULL,NULL,NULL),(421,NULL,'HAWKS','LEE',NULL,NULL,NULL,NULL,NULL,NULL,NULL,NULL,NULL,NULL,NULL),(422,NULL,'ELLINGTON','MELVIN',NULL,NULL,NULL,NULL,NULL,NULL,NULL,NULL,NULL,NULL,NULL),(423,NULL,'CASILLAS','ALFRED',NULL,NULL,NULL,NULL,NULL,NULL,NULL,NULL,NULL,NULL,NULL),(424,NULL,'SPURLOCK','KYLE',NULL,NULL,NULL,NULL,NULL,NULL,NULL,NULL,NULL,NULL,NULL),(425,NULL,'SIKES','FRANCIS',NULL,NULL,NULL,NULL,NULL,NULL,NULL,NULL,NULL,NULL,NULL),(426,NULL,'MOTLEY','BRADLEY',NULL,NULL,NULL,NULL,NULL,NULL,NULL,NULL,NULL,NULL,NULL),(427,NULL,'MCCARTNEY','JESUS',NULL,NULL,NULL,NULL,NULL,NULL,NULL,NULL,NULL,NULL,NULL),(428,NULL,'KRUGER','HERBERT',NULL,NULL,NULL,NULL,NULL,NULL,NULL,NULL,NULL,NULL,NULL),(429,NULL,'ISBELL','FREDERICK',NULL,NULL,NULL,NULL,NULL,NULL,NULL,NULL,NULL,NULL,NULL),(430,NULL,'HOULE','RAY',NULL,NULL,NULL,NULL,NULL,NULL,NULL,NULL,NULL,NULL,NULL),(431,NULL,'FRANCISCO','JOEL',NULL,NULL,NULL,NULL,NULL,NULL,NULL,NULL,NULL,NULL,NULL),(432,NULL,'BURK','EDWIN',NULL,NULL,NULL,NULL,NULL,NULL,NULL,NULL,NULL,NULL,NULL),(433,NULL,'BONE','DON',NULL,NULL,NULL,NULL,NULL,NULL,NULL,NULL,NULL,NULL,NULL),(434,NULL,'TOMLIN','EDDIE',NULL,NULL,NULL,NULL,NULL,NULL,NULL,NULL,NULL,NULL,NULL),(435,NULL,'SHELBY','RICKY',NULL,NULL,NULL,NULL,NULL,NULL,NULL,NULL,NULL,NULL,NULL),(436,NULL,'QUIGLEY','TROY',NULL,NULL,NULL,NULL,NULL,NULL,NULL,NULL,NULL,NULL,NULL),(437,NULL,'NEUMANN','RANDALL',NULL,NULL,NULL,NULL,NULL,NULL,NULL,NULL,NULL,NULL,NULL),(438,NULL,'LOVELACE','BARRY',NULL,NULL,NULL,NULL,NULL,NULL,NULL,NULL,NULL,NULL,NULL),(439,NULL,'FENNELL','ALEXANDER',NULL,NULL,NULL,NULL,NULL,NULL,NULL,NULL,NULL,NULL,NULL),(440,NULL,'COLBY','BERNARD',NULL,NULL,NULL,NULL,NULL,NULL,NULL,NULL,NULL,NULL,NULL),(441,NULL,'CHEATHAM','MARIO',NULL,NULL,NULL,NULL,NULL,NULL,NULL,NULL,NULL,NULL,NULL),(442,NULL,'BUSTAMANTE','LEROY',NULL,NULL,NULL,NULL,NULL,NULL,NULL,NULL,NULL,NULL,NULL),(443,NULL,'SKIDMORE','FRANCISCO',NULL,NULL,NULL,NULL,NULL,NULL,NULL,NULL,NULL,NULL,NULL),(444,NULL,'HIDALGO','MARCUS',NULL,NULL,NULL,NULL,NULL,NULL,NULL,NULL,NULL,NULL,NULL),(445,NULL,'FORMAN','MICHEAL',NULL,NULL,NULL,NULL,NULL,NULL,NULL,NULL,NULL,NULL,NULL),(446,NULL,'CULP','THEODORE',NULL,NULL,NULL,NULL,NULL,NULL,NULL,NULL,NULL,NULL,NULL),(447,NULL,'BOWENS','CLIFFORD',NULL,NULL,NULL,NULL,NULL,NULL,NULL,NULL,NULL,NULL,NULL),(448,NULL,'BETANCOURT','MIGUEL',NULL,NULL,NULL,NULL,NULL,NULL,NULL,NULL,NULL,NULL,NULL),(449,NULL,'AQUINO','OSCAR',NULL,NULL,NULL,NULL,NULL,NULL,NULL,NULL,NULL,NULL,NULL),(450,NULL,'ROBB','JAY',NULL,NULL,NULL,NULL,NULL,NULL,NULL,NULL,NULL,NULL,NULL),(451,NULL,'REA','JIM',NULL,NULL,NULL,NULL,NULL,NULL,NULL,NULL,NULL,NULL,NULL),(452,NULL,'MILNER','TOM',NULL,NULL,NULL,NULL,NULL,NULL,NULL,NULL,NULL,NULL,NULL),(453,NULL,'MARTEL','CALVIN',NULL,NULL,NULL,NULL,NULL,NULL,NULL,NULL,NULL,NULL,NULL),(454,NULL,'GRESHAM','ALEX',NULL,NULL,NULL,NULL,NULL,NULL,NULL,NULL,NULL,NULL,NULL),(455,NULL,'WILES','JON',NULL,NULL,NULL,NULL,NULL,NULL,NULL,NULL,NULL,NULL,NULL),(456,NULL,'RICKETTS','RONNIE',NULL,NULL,NULL,NULL,NULL,NULL,NULL,NULL,NULL,NULL,NULL),(457,NULL,'GAVIN','BILL',NULL,NULL,NULL,NULL,NULL,NULL,NULL,NULL,NULL,NULL,NULL),(458,NULL,'DOWD','LLOYD',NULL,NULL,NULL,NULL,NULL,NULL,NULL,NULL,NULL,NULL,NULL),(459,NULL,'COLLAZO','TOMMY',NULL,NULL,NULL,NULL,NULL,NULL,NULL,NULL,NULL,NULL,NULL),(460,NULL,'BOSTIC','LEON',NULL,NULL,NULL,NULL,NULL,NULL,NULL,NULL,NULL,NULL,NULL),(461,NULL,'BLAKELY','DEREK',NULL,NULL,NULL,NULL,NULL,NULL,NULL,NULL,NULL,NULL,NULL),(462,NULL,'SHERROD','WARREN',NULL,NULL,NULL,NULL,NULL,NULL,NULL,NULL,NULL,NULL,NULL),(463,NULL,'POWER','DARRELL',NULL,NULL,NULL,NULL,NULL,NULL,NULL,NULL,NULL,NULL,NULL),(464,NULL,'KENYON','JEROME',NULL,NULL,NULL,NULL,NULL,NULL,NULL,NULL,NULL,NULL,NULL),(465,NULL,'GANDY','FLOYD',NULL,NULL,NULL,NULL,NULL,NULL,NULL,NULL,NULL,NULL,NULL),(466,NULL,'EBERT','LEO',NULL,NULL,NULL,NULL,NULL,NULL,NULL,NULL,NULL,NULL,NULL),(467,NULL,'DELOACH','ALVIN',NULL,NULL,NULL,NULL,NULL,NULL,NULL,NULL,NULL,NULL,NULL),(468,NULL,'CARY','TIM',NULL,NULL,NULL,NULL,NULL,NULL,NULL,NULL,NULL,NULL,NULL),(469,NULL,'BULL','WESLEY',NULL,NULL,NULL,NULL,NULL,NULL,NULL,NULL,NULL,NULL,NULL),(470,NULL,'ALLARD','GORDON',NULL,NULL,NULL,NULL,NULL,NULL,NULL,NULL,NULL,NULL,NULL),(471,NULL,'SAUER','DEAN',NULL,NULL,NULL,NULL,NULL,NULL,NULL,NULL,NULL,NULL,NULL),(472,NULL,'ROBINS','GREG',NULL,NULL,NULL,NULL,NULL,NULL,NULL,NULL,NULL,NULL,NULL),(473,NULL,'OLIVARES','JORGE',NULL,NULL,NULL,NULL,NULL,NULL,NULL,NULL,NULL,NULL,NULL),(474,NULL,'GILLETTE','DUSTIN',NULL,NULL,NULL,NULL,NULL,NULL,NULL,NULL,NULL,NULL,NULL),(475,NULL,'CHESTNUT','PEDRO',NULL,NULL,NULL,NULL,NULL,NULL,NULL,NULL,NULL,NULL,NULL),(476,NULL,'BOURQUE','DERRICK',NULL,NULL,NULL,NULL,NULL,NULL,NULL,NULL,NULL,NULL,NULL),(477,NULL,'PAINE','DAN',NULL,NULL,NULL,NULL,NULL,NULL,NULL,NULL,NULL,NULL,NULL),(478,NULL,'LYMAN','LEWIS',NULL,NULL,NULL,NULL,NULL,NULL,NULL,NULL,NULL,NULL,NULL),(479,NULL,'HITE','ZACHARY',NULL,NULL,NULL,NULL,NULL,NULL,NULL,NULL,NULL,NULL,NULL),(480,NULL,'HAUSER','COREY',NULL,NULL,NULL,NULL,NULL,NULL,NULL,NULL,NULL,NULL,NULL),(481,NULL,'DEVORE','HERMAN',NULL,NULL,NULL,NULL,NULL,NULL,NULL,NULL,NULL,NULL,NULL),(482,NULL,'CRAWLEY','MAURICE',NULL,NULL,NULL,NULL,NULL,NULL,NULL,NULL,NULL,NULL,NULL),(483,NULL,'CHAPA','VERNON',NULL,NULL,NULL,NULL,NULL,NULL,NULL,NULL,NULL,NULL,NULL),(484,NULL,'VU','ROBERTO',NULL,NULL,NULL,NULL,NULL,NULL,NULL,NULL,NULL,NULL,NULL),(485,NULL,'TOBIAS','CLYDE',NULL,NULL,NULL,NULL,NULL,NULL,NULL,NULL,NULL,NULL,NULL),(486,NULL,'TALBERT','GLEN',NULL,NULL,NULL,NULL,NULL,NULL,NULL,NULL,NULL,NULL,NULL),(487,NULL,'POINDEXTER','HECTOR',NULL,NULL,NULL,NULL,NULL,NULL,NULL,NULL,NULL,NULL,NULL),(488,NULL,'MILLARD','SHANE',NULL,NULL,NULL,NULL,NULL,NULL,NULL,NULL,NULL,NULL,NULL),(489,NULL,'MEADOR','RICARDO',NULL,NULL,NULL,NULL,NULL,NULL,NULL,NULL,NULL,NULL,NULL),(490,NULL,'MCDUFFIE','SAM',NULL,NULL,NULL,NULL,NULL,NULL,NULL,NULL,NULL,NULL,NULL),(491,NULL,'MATTOX','RICK',NULL,NULL,NULL,NULL,NULL,NULL,NULL,NULL,NULL,NULL,NULL),(492,NULL,'KRAUS','LESTER',NULL,NULL,NULL,NULL,NULL,NULL,NULL,NULL,NULL,NULL,NULL),(493,NULL,'HARKINS','BRENT',NULL,NULL,NULL,NULL,NULL,NULL,NULL,NULL,NULL,NULL,NULL),(494,NULL,'CHOATE','RAMON',NULL,NULL,NULL,NULL,NULL,NULL,NULL,NULL,NULL,NULL,NULL),(495,NULL,'BESS','CHARLIE',NULL,NULL,NULL,NULL,NULL,NULL,NULL,NULL,NULL,NULL,NULL),(496,NULL,'WREN','TYLER',NULL,NULL,NULL,NULL,NULL,NULL,NULL,NULL,NULL,NULL,NULL),(497,NULL,'SLEDGE','GILBERT',NULL,NULL,NULL,NULL,NULL,NULL,NULL,NULL,NULL,NULL,NULL),(498,NULL,'SANBORN','GENE',NULL,NULL,NULL,NULL,NULL,NULL,NULL,NULL,NULL,NULL,NULL),(499,NULL,'OUTLAW','MARC',NULL,NULL,NULL,NULL,NULL,NULL,NULL,NULL,NULL,NULL,NULL),(500,NULL,'KINDER','REGINALD',NULL,NULL,NULL,NULL,NULL,NULL,NULL,NULL,NULL,NULL,NULL),(501,NULL,'GEARY','RUBEN',NULL,NULL,NULL,NULL,NULL,NULL,NULL,NULL,NULL,NULL,NULL),(502,NULL,'CORNWELL','BRETT',NULL,NULL,NULL,NULL,NULL,NULL,NULL,NULL,NULL,NULL,NULL),(503,NULL,'BARCLAY','ANGEL',NULL,NULL,NULL,NULL,NULL,NULL,NULL,NULL,NULL,NULL,NULL),(504,NULL,'ADAM','NATHANIEL',NULL,NULL,NULL,NULL,NULL,NULL,NULL,NULL,NULL,NULL,NULL),(505,NULL,'ABNEY','RAFAEL',NULL,NULL,NULL,NULL,NULL,NULL,NULL,NULL,NULL,NULL,NULL),(506,NULL,'SEWARD','LESLIE',NULL,NULL,NULL,NULL,NULL,NULL,NULL,NULL,NULL,NULL,NULL),(507,NULL,'RHOADS','EDGAR',NULL,NULL,NULL,NULL,NULL,NULL,NULL,NULL,NULL,NULL,NULL),(508,NULL,'HOWLAND','MILTON',NULL,NULL,NULL,NULL,NULL,NULL,NULL,NULL,NULL,NULL,NULL),(509,NULL,'FORTIER','RAUL',NULL,NULL,NULL,NULL,NULL,NULL,NULL,NULL,NULL,NULL,NULL),(510,NULL,'EASTER','BEN',NULL,NULL,NULL,NULL,NULL,NULL,NULL,NULL,NULL,NULL,NULL),(511,NULL,'BENNER','CHESTER',NULL,NULL,NULL,NULL,NULL,NULL,NULL,NULL,NULL,NULL,NULL),(512,NULL,'VINES','CECIL',NULL,NULL,NULL,NULL,NULL,NULL,NULL,NULL,NULL,NULL,NULL),(513,NULL,'TUBBS','DUANE',NULL,NULL,NULL,NULL,NULL,NULL,NULL,NULL,NULL,NULL,NULL),(514,NULL,'TROUTMAN','FRANKLIN',NULL,NULL,NULL,NULL,NULL,NULL,NULL,NULL,NULL,NULL,NULL),(515,NULL,'RAPP','ANDRE',NULL,NULL,NULL,NULL,NULL,NULL,NULL,NULL,NULL,NULL,NULL),(516,NULL,'NOE','ELMER',NULL,NULL,NULL,NULL,NULL,NULL,NULL,NULL,NULL,NULL,NULL),(517,NULL,'MCCURDY','BRAD',NULL,NULL,NULL,NULL,NULL,NULL,NULL,NULL,NULL,NULL,NULL),(518,NULL,'HARDER','GABRIEL',NULL,NULL,NULL,NULL,NULL,NULL,NULL,NULL,NULL,NULL,NULL),(519,NULL,'DELUCA','RON',NULL,NULL,NULL,NULL,NULL,NULL,NULL,NULL,NULL,NULL,NULL),(520,NULL,'WESTMORELAND','MITCHELL',NULL,NULL,NULL,NULL,NULL,NULL,NULL,NULL,NULL,NULL,NULL),(521,NULL,'SOUTH','ROLAND',NULL,NULL,NULL,NULL,NULL,NULL,NULL,NULL,NULL,NULL,NULL),(522,NULL,'HAVENS','ARNOLD',NULL,NULL,NULL,NULL,NULL,NULL,NULL,NULL,NULL,NULL,NULL),(523,NULL,'GUAJARDO','HARVEY',NULL,NULL,NULL,NULL,NULL,NULL,NULL,NULL,NULL,NULL,NULL),(524,NULL,'ELY','JARED',NULL,NULL,NULL,NULL,NULL,NULL,NULL,NULL,NULL,NULL,NULL),(525,NULL,'CLARY','ADRIAN',NULL,NULL,NULL,NULL,NULL,NULL,NULL,NULL,NULL,NULL,NULL),(526,NULL,'SEAL','KARL',NULL,NULL,NULL,NULL,NULL,NULL,NULL,NULL,NULL,NULL,NULL),(527,NULL,'MEEHAN','CORY',NULL,NULL,NULL,NULL,NULL,NULL,NULL,NULL,NULL,NULL,NULL),(528,NULL,'HERZOG','CLAUDE',NULL,NULL,NULL,NULL,NULL,NULL,NULL,NULL,NULL,NULL,NULL),(529,NULL,'GUILLEN','ERIK',NULL,NULL,NULL,NULL,NULL,NULL,NULL,NULL,NULL,NULL,NULL),(530,NULL,'ASHCRAFT','DARRYL',NULL,NULL,NULL,NULL,NULL,NULL,NULL,NULL,NULL,NULL,NULL),(531,NULL,'WAUGH','JAMIE',NULL,NULL,NULL,NULL,NULL,NULL,NULL,NULL,NULL,NULL,NULL),(532,NULL,'RENNER','NEIL',NULL,NULL,NULL,NULL,NULL,NULL,NULL,NULL,NULL,NULL,NULL),(533,NULL,'MILAM','JESSIE',NULL,NULL,NULL,NULL,NULL,NULL,NULL,NULL,NULL,NULL,NULL),(534,NULL,'JUNG','CHRISTIAN',NULL,NULL,NULL,NULL,NULL,NULL,NULL,NULL,NULL,NULL,NULL),(535,NULL,'ELROD','JAVIER',NULL,NULL,NULL,NULL,NULL,NULL,NULL,NULL,NULL,NULL,NULL),(536,NULL,'CHURCHILL','FERNANDO',NULL,NULL,NULL,NULL,NULL,NULL,NULL,NULL,NULL,NULL,NULL),(537,NULL,'BUFORD','CLINTON',NULL,NULL,NULL,NULL,NULL,NULL,NULL,NULL,NULL,NULL,NULL),(538,NULL,'BREAUX','TED',NULL,NULL,NULL,NULL,NULL,NULL,NULL,NULL,NULL,NULL,NULL),(539,NULL,'BOLIN','MATHEW',NULL,NULL,NULL,NULL,NULL,NULL,NULL,NULL,NULL,NULL,NULL),(540,NULL,'ASHER','TYRONE',NULL,NULL,NULL,NULL,NULL,NULL,NULL,NULL,NULL,NULL,NULL),(541,NULL,'WINDHAM','DARREN',NULL,NULL,NULL,NULL,NULL,NULL,NULL,NULL,NULL,NULL,NULL),(542,NULL,'TIRADO','LONNIE',NULL,NULL,NULL,NULL,NULL,NULL,NULL,NULL,NULL,NULL,NULL),(543,NULL,'PEMBERTON','LANCE',NULL,NULL,NULL,NULL,NULL,NULL,NULL,NULL,NULL,NULL,NULL),(544,NULL,'NOLEN','CODY',NULL,NULL,NULL,NULL,NULL,NULL,NULL,NULL,NULL,NULL,NULL),(545,NULL,'NOLAND','JULIO',NULL,NULL,NULL,NULL,NULL,NULL,NULL,NULL,NULL,NULL,NULL),(546,NULL,'KNOTT','KELLY',NULL,NULL,NULL,NULL,NULL,NULL,NULL,NULL,NULL,NULL,NULL),(547,NULL,'EMMONS','KURT',NULL,NULL,NULL,NULL,NULL,NULL,NULL,NULL,NULL,NULL,NULL),(548,NULL,'CORNISH','ALLAN',NULL,NULL,NULL,NULL,NULL,NULL,NULL,NULL,NULL,NULL,NULL),(549,NULL,'CHRISTENSON','NELSON',NULL,NULL,NULL,NULL,NULL,NULL,NULL,NULL,NULL,NULL,NULL),(550,NULL,'BROWNLEE','GUY',NULL,NULL,NULL,NULL,NULL,NULL,NULL,NULL,NULL,NULL,NULL),(551,NULL,'BARBEE','CLAYTON',NULL,NULL,NULL,NULL,NULL,NULL,NULL,NULL,NULL,NULL,NULL),(552,NULL,'WALDROP','HUGH',NULL,NULL,NULL,NULL,NULL,NULL,NULL,NULL,NULL,NULL,NULL),(553,NULL,'PITT','MAX',NULL,NULL,NULL,NULL,NULL,NULL,NULL,NULL,NULL,NULL,NULL),(554,NULL,'OLVERA','DWAYNE',NULL,NULL,NULL,NULL,NULL,NULL,NULL,NULL,NULL,NULL,NULL),(555,NULL,'LOMBARDI','DWIGHT',NULL,NULL,NULL,NULL,NULL,NULL,NULL,NULL,NULL,NULL,NULL),(556,NULL,'GRUBER','ARMANDO',NULL,NULL,NULL,NULL,NULL,NULL,NULL,NULL,NULL,NULL,NULL),(557,NULL,'GAFFNEY','FELIX',NULL,NULL,NULL,NULL,NULL,NULL,NULL,NULL,NULL,NULL,NULL),(558,NULL,'EGGLESTON','JIMMIE',NULL,NULL,NULL,NULL,NULL,NULL,NULL,NULL,NULL,NULL,NULL),(559,NULL,'BANDA','EVERETT',NULL,NULL,NULL,NULL,NULL,NULL,NULL,NULL,NULL,NULL,NULL),(560,NULL,'ARCHULETA','JORDAN',NULL,NULL,NULL,NULL,NULL,NULL,NULL,NULL,NULL,NULL,NULL),(561,NULL,'STILL','IAN',NULL,NULL,NULL,NULL,NULL,NULL,NULL,NULL,NULL,NULL,NULL),(562,NULL,'SLONE','WALLACE',NULL,NULL,NULL,NULL,NULL,NULL,NULL,NULL,NULL,NULL,NULL),(563,NULL,'PREWITT','KEN',NULL,NULL,NULL,NULL,NULL,NULL,NULL,NULL,NULL,NULL,NULL),(564,NULL,'PFEIFFER','BOB',NULL,NULL,NULL,NULL,NULL,NULL,NULL,NULL,NULL,NULL,NULL),(565,NULL,'NETTLES','JAIME',NULL,NULL,NULL,NULL,NULL,NULL,NULL,NULL,NULL,NULL,NULL),(566,NULL,'MENA','CASEY',NULL,NULL,NULL,NULL,NULL,NULL,NULL,NULL,NULL,NULL,NULL),(567,NULL,'MCADAMS','ALFREDO',NULL,NULL,NULL,NULL,NULL,NULL,NULL,NULL,NULL,NULL,NULL),(568,NULL,'HENNING','ALBERTO',NULL,NULL,NULL,NULL,NULL,NULL,NULL,NULL,NULL,NULL,NULL),(569,NULL,'GARDINER','DAVE',NULL,NULL,NULL,NULL,NULL,NULL,NULL,NULL,NULL,NULL,NULL),(570,NULL,'CROMWELL','IVAN',NULL,NULL,NULL,NULL,NULL,NULL,NULL,NULL,NULL,NULL,NULL),(571,NULL,'CHISHOLM','JOHNNIE',NULL,NULL,NULL,NULL,NULL,NULL,NULL,NULL,NULL,NULL,NULL),(572,NULL,'BURLESON','SIDNEY',NULL,NULL,NULL,NULL,NULL,NULL,NULL,NULL,NULL,NULL,NULL),(573,NULL,'BOX','BYRON',NULL,NULL,NULL,NULL,NULL,NULL,NULL,NULL,NULL,NULL,NULL),(574,NULL,'VEST','JULIAN',NULL,NULL,NULL,NULL,NULL,NULL,NULL,NULL,NULL,NULL,NULL),(575,NULL,'OGLESBY','ISAAC',NULL,NULL,NULL,NULL,NULL,NULL,NULL,NULL,NULL,NULL,NULL),(576,NULL,'MCCARTER','MORRIS',NULL,NULL,NULL,NULL,NULL,NULL,NULL,NULL,NULL,NULL,NULL),(577,NULL,'MALCOLM','CLIFTON',NULL,NULL,NULL,NULL,NULL,NULL,NULL,NULL,NULL,NULL,NULL),(578,NULL,'LUMPKIN','WILLARD',NULL,NULL,NULL,NULL,NULL,NULL,NULL,NULL,NULL,NULL,NULL),(579,NULL,'LARUE','DARYL',NULL,NULL,NULL,NULL,NULL,NULL,NULL,NULL,NULL,NULL,NULL),(580,NULL,'GREY','ROSS',NULL,NULL,NULL,NULL,NULL,NULL,NULL,NULL,NULL,NULL,NULL),(581,NULL,'WOFFORD','VIRGIL',NULL,NULL,NULL,NULL,NULL,NULL,NULL,NULL,NULL,NULL,NULL),(582,NULL,'VANHORN','ANDY',NULL,NULL,NULL,NULL,NULL,NULL,NULL,NULL,NULL,NULL,NULL),(583,NULL,'THORN','MARSHALL',NULL,NULL,NULL,NULL,NULL,NULL,NULL,NULL,NULL,NULL,NULL),(584,NULL,'TEEL','SALVADOR',NULL,NULL,NULL,NULL,NULL,NULL,NULL,NULL,NULL,NULL,NULL),(585,NULL,'SWAFFORD','PERRY',NULL,NULL,NULL,NULL,NULL,NULL,NULL,NULL,NULL,NULL,NULL),(586,NULL,'STCLAIR','KIRK',NULL,NULL,NULL,NULL,NULL,NULL,NULL,NULL,NULL,NULL,NULL),(587,NULL,'STANFIELD','SERGIO',NULL,NULL,NULL,NULL,NULL,NULL,NULL,NULL,NULL,NULL,NULL),(588,NULL,'OCAMPO','MARION',NULL,NULL,NULL,NULL,NULL,NULL,NULL,NULL,NULL,NULL,NULL),(589,NULL,'HERRMANN','TRACY',NULL,NULL,NULL,NULL,NULL,NULL,NULL,NULL,NULL,NULL,NULL),(590,NULL,'HANNON','SETH',NULL,NULL,NULL,NULL,NULL,NULL,NULL,NULL,NULL,NULL,NULL),(591,NULL,'ARSENAULT','KENT',NULL,NULL,NULL,NULL,NULL,NULL,NULL,NULL,NULL,NULL,NULL),(592,NULL,'ROUSH','TERRANCE',NULL,NULL,NULL,NULL,NULL,NULL,NULL,NULL,NULL,NULL,NULL),(593,NULL,'MCALISTER','RENE',NULL,NULL,NULL,NULL,NULL,NULL,NULL,NULL,NULL,NULL,NULL),(594,NULL,'HIATT','EDUARDO',NULL,NULL,NULL,NULL,NULL,NULL,NULL,NULL,NULL,NULL,NULL),(595,NULL,'GUNDERSON','TERRENCE',NULL,NULL,NULL,NULL,NULL,NULL,NULL,NULL,NULL,NULL,NULL),(596,NULL,'FORSYTHE','ENRIQUE',NULL,NULL,NULL,NULL,NULL,NULL,NULL,NULL,NULL,NULL,NULL),(597,NULL,'DUGGAN','FREDDIE',NULL,NULL,NULL,NULL,NULL,NULL,NULL,NULL,NULL,NULL,NULL),(598,NULL,'DELVALLE','WADE',NULL,NULL,NULL,NULL,NULL,NULL,NULL,NULL,NULL,NULL,NULL),(599,NULL,'CINTRON','AUSTIN',NULL,NULL,NULL,NULL,NULL,NULL,NULL,NULL,NULL,NULL,NULL),(600,'23-43242342-0','re','zz','(3543)-4534534',NULL,NULL,NULL,NULL,NULL,NULL,NULL,'CASADO',NULL,NULL),(601,NULL,'ww',NULL,NULL,NULL,NULL,NULL,NULL,NULL,NULL,NULL,NULL,NULL,NULL),(602,NULL,'gh',NULL,NULL,NULL,NULL,NULL,NULL,NULL,NULL,NULL,NULL,NULL,NULL),(603,NULL,'cc',NULL,NULL,NULL,NULL,NULL,NULL,NULL,NULL,NULL,NULL,NULL,NULL),(604,NULL,'rr','yy',NULL,NULL,NULL,NULL,NULL,NULL,NULL,NULL,NULL,NULL,NULL),(605,'','dd','rr',NULL,NULL,NULL,NULL,NULL,NULL,NULL,NULL,NULL,NULL,NULL),(606,NULL,'rr','ty',NULL,NULL,NULL,NULL,NULL,NULL,NULL,NULL,NULL,NULL,NULL),(607,NULL,'sdf','',NULL,NULL,'',NULL,NULL,NULL,NULL,NULL,NULL,NULL,NULL),(608,'','','','','','',NULL,NULL,NULL,NULL,NULL,'CASADO',NULL,NULL),(609,'','','','','','',NULL,NULL,NULL,NULL,NULL,'DIVORCIADO',NULL,NULL),(610,'','','','','','',NULL,NULL,NULL,NULL,NULL,NULL,NULL,NULL),(611,'','','','','','',NULL,NULL,NULL,NULL,NULL,NULL,NULL,NULL),(612,'','','','','','',NULL,NULL,NULL,NULL,NULL,NULL,NULL,2),(613,'','gg','kk','','','',NULL,NULL,NULL,NULL,NULL,NULL,43,NULL),(614,NULL,NULL,NULL,NULL,NULL,NULL,NULL,NULL,NULL,NULL,NULL,NULL,44,NULL),(615,NULL,NULL,NULL,NULL,NULL,NULL,NULL,NULL,NULL,NULL,NULL,NULL,45,NULL),(616,NULL,NULL,NULL,NULL,NULL,NULL,NULL,NULL,NULL,NULL,NULL,NULL,46,NULL),(617,NULL,NULL,NULL,NULL,NULL,NULL,NULL,NULL,NULL,NULL,NULL,NULL,47,NULL),(618,NULL,NULL,NULL,NULL,NULL,NULL,NULL,NULL,NULL,NULL,NULL,NULL,48,NULL),(619,NULL,NULL,NULL,NULL,NULL,NULL,NULL,NULL,NULL,NULL,NULL,NULL,49,NULL),(620,NULL,NULL,NULL,NULL,NULL,NULL,NULL,NULL,NULL,NULL,NULL,NULL,50,NULL),(621,NULL,NULL,NULL,NULL,NULL,NULL,NULL,NULL,NULL,NULL,NULL,NULL,51,NULL),(622,NULL,NULL,NULL,NULL,NULL,NULL,NULL,NULL,NULL,NULL,NULL,NULL,52,NULL),(623,NULL,NULL,NULL,NULL,NULL,NULL,NULL,NULL,NULL,NULL,NULL,NULL,53,NULL),(624,NULL,NULL,NULL,NULL,NULL,NULL,NULL,NULL,NULL,NULL,NULL,NULL,54,NULL),(625,NULL,NULL,NULL,NULL,NULL,NULL,NULL,NULL,NULL,NULL,NULL,NULL,55,NULL),(626,NULL,NULL,NULL,NULL,NULL,NULL,NULL,NULL,NULL,NULL,NULL,NULL,56,NULL),(627,NULL,NULL,NULL,NULL,NULL,NULL,NULL,NULL,NULL,NULL,NULL,NULL,57,NULL),(628,NULL,NULL,NULL,NULL,NULL,NULL,NULL,NULL,NULL,NULL,NULL,NULL,58,NULL),(629,NULL,NULL,NULL,NULL,NULL,NULL,NULL,NULL,NULL,NULL,NULL,NULL,59,NULL),(630,NULL,NULL,NULL,NULL,NULL,NULL,NULL,NULL,NULL,NULL,NULL,NULL,60,NULL),(631,'','tr','','','','',NULL,NULL,NULL,NULL,NULL,NULL,61,NULL),(632,NULL,NULL,NULL,NULL,NULL,NULL,NULL,NULL,NULL,NULL,NULL,NULL,62,NULL),(633,NULL,NULL,NULL,NULL,NULL,NULL,NULL,NULL,NULL,NULL,NULL,NULL,63,NULL),(634,NULL,NULL,NULL,NULL,NULL,NULL,NULL,NULL,NULL,NULL,NULL,NULL,64,NULL),(635,NULL,NULL,NULL,NULL,NULL,NULL,NULL,NULL,NULL,NULL,NULL,NULL,65,NULL),(636,NULL,NULL,NULL,NULL,NULL,NULL,NULL,NULL,NULL,NULL,NULL,NULL,66,NULL),(637,NULL,NULL,NULL,NULL,NULL,NULL,NULL,NULL,NULL,NULL,NULL,NULL,67,NULL),(638,NULL,NULL,NULL,NULL,NULL,NULL,NULL,NULL,NULL,NULL,NULL,NULL,68,NULL),(639,NULL,NULL,NULL,NULL,NULL,NULL,NULL,NULL,NULL,NULL,NULL,NULL,69,NULL),(640,NULL,NULL,NULL,NULL,NULL,NULL,NULL,NULL,NULL,NULL,NULL,NULL,70,NULL),(641,NULL,NULL,NULL,NULL,NULL,NULL,NULL,NULL,NULL,NULL,NULL,NULL,71,NULL),(642,NULL,NULL,NULL,NULL,NULL,NULL,NULL,NULL,NULL,NULL,NULL,NULL,72,NULL),(643,NULL,NULL,NULL,NULL,NULL,NULL,NULL,NULL,NULL,NULL,NULL,NULL,73,NULL),(644,NULL,NULL,NULL,NULL,NULL,NULL,NULL,NULL,NULL,NULL,NULL,NULL,74,NULL),(645,NULL,NULL,NULL,NULL,NULL,NULL,NULL,NULL,NULL,NULL,NULL,NULL,75,NULL),(646,NULL,NULL,NULL,NULL,NULL,NULL,NULL,NULL,NULL,NULL,NULL,NULL,76,NULL),(647,NULL,NULL,NULL,NULL,NULL,NULL,NULL,NULL,NULL,NULL,NULL,NULL,77,NULL),(648,NULL,NULL,NULL,NULL,NULL,NULL,NULL,NULL,NULL,NULL,NULL,NULL,78,NULL),(649,NULL,NULL,NULL,NULL,NULL,NULL,NULL,NULL,NULL,NULL,NULL,NULL,79,NULL),(650,'','vf','','','','',NULL,NULL,NULL,NULL,NULL,NULL,80,NULL),(651,'','cd','','','','',NULL,NULL,NULL,NULL,NULL,NULL,81,NULL),(652,'20-23949058-2','Berrondo','Jorge','(0261)-1556786','(0261)-15565473','hola@hola.com',NULL,NULL,56,NULL,NULL,'SOLTERO',82,2),(653,'20-34823428-8','Luna','Nene','(2983)-4719287','(2983)-47912837','jd',NULL,NULL,8794,NULL,NULL,'CASADO',83,1),(654,'20-34823429-8','Sosa','Nena','(2983)-4719287','(2983)-47912837','jd',NULL,NULL,8794,NULL,NULL,'CASADO',84,1),(655,'23-43242341-3','Nello','Pablo','(2343)-2423432','(5344)-43343443','dgfd@cl.com',NULL,NULL,54,NULL,NULL,'CASADO',85,1),(656,'23-43242342-3','zzz','rew','(2343)-2423432','(5344)-43343443','dgfd@cl.com',NULL,NULL,54,NULL,NULL,'CASADO',86,1),(657,'23-43242343-3','xxxx','rew','(2343)-2423432','(5344)-43343443','dgfd@cl.com',NULL,NULL,54,NULL,NULL,'CASADO',87,1),(658,'23-43242344-3','wwww','rew','(2343)-2423432','(5344)-43343443','dgfd@cl.com',NULL,NULL,54,NULL,NULL,'CASADO',88,1),(659,'','gt','','','','',NULL,NULL,NULL,NULL,NULL,NULL,89,NULL),(660,'','gt','','','','',NULL,NULL,NULL,NULL,NULL,NULL,90,NULL),(661,'','gt','','','','',NULL,NULL,NULL,NULL,NULL,NULL,91,NULL),(662,'','gt','','','','',NULL,NULL,NULL,NULL,NULL,NULL,92,NULL),(663,'','gt','','','','',NULL,NULL,NULL,NULL,NULL,NULL,93,NULL),(664,'','gt','','','','',NULL,NULL,NULL,NULL,NULL,NULL,94,NULL),(665,'','op','','','','',NULL,NULL,NULL,NULL,NULL,NULL,95,NULL),(666,'','tr','','','','',NULL,NULL,NULL,NULL,NULL,NULL,100,NULL);

/*Table structure for table `cliente1` */

DROP TABLE IF EXISTS `cliente1`;

CREATE TABLE `cliente1` (
  `customer_id` smallint(5) unsigned NOT NULL AUTO_INCREMENT,
  `store_id` tinyint(3) unsigned NOT NULL,
  `nombre` varchar(45) NOT NULL,
  `apellido` varchar(45) NOT NULL,
  `email` varchar(50) DEFAULT NULL,
  `address_id` smallint(5) unsigned NOT NULL,
  `active` tinyint(1) NOT NULL DEFAULT '1',
  `create_date` datetime NOT NULL,
  `last_update` timestamp NOT NULL DEFAULT CURRENT_TIMESTAMP ON UPDATE CURRENT_TIMESTAMP,
  PRIMARY KEY (`customer_id`),
  KEY `idx_fk_store_id` (`store_id`),
  KEY `idx_fk_address_id` (`address_id`),
  KEY `idx_last_name` (`apellido`),
  CONSTRAINT `fk_customer_address` FOREIGN KEY (`address_id`) REFERENCES `address` (`address_id`) ON UPDATE CASCADE,
  CONSTRAINT `fk_customer_store` FOREIGN KEY (`store_id`) REFERENCES `store` (`store_id`) ON UPDATE CASCADE
) ENGINE=InnoDB AUTO_INCREMENT=600 DEFAULT CHARSET=utf8;

/*Data for the table `cliente1` */

insert  into `cliente1`(`customer_id`,`store_id`,`nombre`,`apellido`,`email`,`address_id`,`active`,`create_date`,`last_update`) values (1,1,'MARY','SMITH','MARY.SMITH@sakilacustomer.org',5,1,'2006-02-14 22:04:36','2006-02-15 04:57:20'),(2,1,'PATRICIA','JOHNSON','PATRICIA.JOHNSON@sakilacustomer.org',6,1,'2006-02-14 22:04:36','2006-02-15 04:57:20'),(3,1,'LINDA','WILLIAMS','LINDA.WILLIAMS@sakilacustomer.org',7,1,'2006-02-14 22:04:36','2006-02-15 04:57:20'),(4,2,'BARBARA','JONES','BARBARA.JONES@sakilacustomer.org',8,1,'2006-02-14 22:04:36','2006-02-15 04:57:20'),(5,1,'ELIZABETH','BROWN','ELIZABETH.BROWN@sakilacustomer.org',9,1,'2006-02-14 22:04:36','2006-02-15 04:57:20'),(6,2,'JENNIFER','DAVIS','JENNIFER.DAVIS@sakilacustomer.org',10,1,'2006-02-14 22:04:36','2006-02-15 04:57:20'),(7,1,'MARIA','MILLER','MARIA.MILLER@sakilacustomer.org',11,1,'2006-02-14 22:04:36','2006-02-15 04:57:20'),(8,2,'SUSAN','WILSON','SUSAN.WILSON@sakilacustomer.org',12,1,'2006-02-14 22:04:36','2006-02-15 04:57:20'),(9,2,'MARGARET','MOORE','MARGARET.MOORE@sakilacustomer.org',13,1,'2006-02-14 22:04:36','2006-02-15 04:57:20'),(10,1,'DOROTHY','TAYLOR','DOROTHY.TAYLOR@sakilacustomer.org',14,1,'2006-02-14 22:04:36','2006-02-15 04:57:20'),(11,2,'LISA','ANDERSON','LISA.ANDERSON@sakilacustomer.org',15,1,'2006-02-14 22:04:36','2006-02-15 04:57:20'),(12,1,'NANCY','THOMAS','NANCY.THOMAS@sakilacustomer.org',16,1,'2006-02-14 22:04:36','2006-02-15 04:57:20'),(13,2,'KAREN','JACKSON','KAREN.JACKSON@sakilacustomer.org',17,1,'2006-02-14 22:04:36','2006-02-15 04:57:20'),(14,2,'BETTY','WHITE','BETTY.WHITE@sakilacustomer.org',18,1,'2006-02-14 22:04:36','2006-02-15 04:57:20'),(15,1,'HELEN','HARRIS','HELEN.HARRIS@sakilacustomer.org',19,1,'2006-02-14 22:04:36','2006-02-15 04:57:20'),(16,2,'SANDRA','MARTIN','SANDRA.MARTIN@sakilacustomer.org',20,0,'2006-02-14 22:04:36','2006-02-15 04:57:20'),(17,1,'DONNA','THOMPSON','DONNA.THOMPSON@sakilacustomer.org',21,1,'2006-02-14 22:04:36','2006-02-15 04:57:20'),(18,2,'CAROL','GARCIA','CAROL.GARCIA@sakilacustomer.org',22,1,'2006-02-14 22:04:36','2006-02-15 04:57:20'),(19,1,'RUTH','MARTINEZ','RUTH.MARTINEZ@sakilacustomer.org',23,1,'2006-02-14 22:04:36','2006-02-15 04:57:20'),(20,2,'SHARON','ROBINSON','SHARON.ROBINSON@sakilacustomer.org',24,1,'2006-02-14 22:04:36','2006-02-15 04:57:20'),(21,1,'MICHELLE','CLARK','MICHELLE.CLARK@sakilacustomer.org',25,1,'2006-02-14 22:04:36','2006-02-15 04:57:20'),(22,1,'LAURA','RODRIGUEZ','LAURA.RODRIGUEZ@sakilacustomer.org',26,1,'2006-02-14 22:04:36','2006-02-15 04:57:20'),(23,2,'SARAH','LEWIS','SARAH.LEWIS@sakilacustomer.org',27,1,'2006-02-14 22:04:36','2006-02-15 04:57:20'),(24,2,'KIMBERLY','LEE','KIMBERLY.LEE@sakilacustomer.org',28,1,'2006-02-14 22:04:36','2006-02-15 04:57:20'),(25,1,'DEBORAH','WALKER','DEBORAH.WALKER@sakilacustomer.org',29,1,'2006-02-14 22:04:36','2006-02-15 04:57:20'),(26,2,'JESSICA','HALL','JESSICA.HALL@sakilacustomer.org',30,1,'2006-02-14 22:04:36','2006-02-15 04:57:20'),(27,2,'SHIRLEY','ALLEN','SHIRLEY.ALLEN@sakilacustomer.org',31,1,'2006-02-14 22:04:36','2006-02-15 04:57:20'),(28,1,'CYNTHIA','YOUNG','CYNTHIA.YOUNG@sakilacustomer.org',32,1,'2006-02-14 22:04:36','2006-02-15 04:57:20'),(29,2,'ANGELA','HERNANDEZ','ANGELA.HERNANDEZ@sakilacustomer.org',33,1,'2006-02-14 22:04:36','2006-02-15 04:57:20'),(30,1,'MELISSA','KING','MELISSA.KING@sakilacustomer.org',34,1,'2006-02-14 22:04:36','2006-02-15 04:57:20'),(31,2,'BRENDA','WRIGHT','BRENDA.WRIGHT@sakilacustomer.org',35,1,'2006-02-14 22:04:36','2006-02-15 04:57:20'),(32,1,'AMY','LOPEZ','AMY.LOPEZ@sakilacustomer.org',36,1,'2006-02-14 22:04:36','2006-02-15 04:57:20'),(33,2,'ANNA','HILL','ANNA.HILL@sakilacustomer.org',37,1,'2006-02-14 22:04:36','2006-02-15 04:57:20'),(34,2,'REBECCA','SCOTT','REBECCA.SCOTT@sakilacustomer.org',38,1,'2006-02-14 22:04:36','2006-02-15 04:57:20'),(35,2,'VIRGINIA','GREEN','VIRGINIA.GREEN@sakilacustomer.org',39,1,'2006-02-14 22:04:36','2006-02-15 04:57:20'),(36,2,'KATHLEEN','ADAMS','KATHLEEN.ADAMS@sakilacustomer.org',40,1,'2006-02-14 22:04:36','2006-02-15 04:57:20'),(37,1,'PAMELA','BAKER','PAMELA.BAKER@sakilacustomer.org',41,1,'2006-02-14 22:04:36','2006-02-15 04:57:20'),(38,1,'MARTHA','GONZALEZ','MARTHA.GONZALEZ@sakilacustomer.org',42,1,'2006-02-14 22:04:36','2006-02-15 04:57:20'),(39,1,'DEBRA','NELSON','DEBRA.NELSON@sakilacustomer.org',43,1,'2006-02-14 22:04:36','2006-02-15 04:57:20'),(40,2,'AMANDA','CARTER','AMANDA.CARTER@sakilacustomer.org',44,1,'2006-02-14 22:04:36','2006-02-15 04:57:20'),(41,1,'STEPHANIE','MITCHELL','STEPHANIE.MITCHELL@sakilacustomer.org',45,1,'2006-02-14 22:04:36','2006-02-15 04:57:20'),(42,2,'CAROLYN','PEREZ','CAROLYN.PEREZ@sakilacustomer.org',46,1,'2006-02-14 22:04:36','2006-02-15 04:57:20'),(43,2,'CHRISTINE','ROBERTS','CHRISTINE.ROBERTS@sakilacustomer.org',47,1,'2006-02-14 22:04:36','2006-02-15 04:57:20'),(44,1,'MARIE','TURNER','MARIE.TURNER@sakilacustomer.org',48,1,'2006-02-14 22:04:36','2006-02-15 04:57:20'),(45,1,'JANET','PHILLIPS','JANET.PHILLIPS@sakilacustomer.org',49,1,'2006-02-14 22:04:36','2006-02-15 04:57:20'),(46,2,'CATHERINE','CAMPBELL','CATHERINE.CAMPBELL@sakilacustomer.org',50,1,'2006-02-14 22:04:36','2006-02-15 04:57:20'),(47,1,'FRANCES','PARKER','FRANCES.PARKER@sakilacustomer.org',51,1,'2006-02-14 22:04:36','2006-02-15 04:57:20'),(48,1,'ANN','EVANS','ANN.EVANS@sakilacustomer.org',52,1,'2006-02-14 22:04:36','2006-02-15 04:57:20'),(49,2,'JOYCE','EDWARDS','JOYCE.EDWARDS@sakilacustomer.org',53,1,'2006-02-14 22:04:36','2006-02-15 04:57:20'),(50,1,'DIANE','COLLINS','DIANE.COLLINS@sakilacustomer.org',54,1,'2006-02-14 22:04:36','2006-02-15 04:57:20'),(51,1,'ALICE','STEWART','ALICE.STEWART@sakilacustomer.org',55,1,'2006-02-14 22:04:36','2006-02-15 04:57:20'),(52,1,'JULIE','SANCHEZ','JULIE.SANCHEZ@sakilacustomer.org',56,1,'2006-02-14 22:04:36','2006-02-15 04:57:20'),(53,1,'HEATHER','MORRIS','HEATHER.MORRIS@sakilacustomer.org',57,1,'2006-02-14 22:04:36','2006-02-15 04:57:20'),(54,1,'TERESA','ROGERS','TERESA.ROGERS@sakilacustomer.org',58,1,'2006-02-14 22:04:36','2006-02-15 04:57:20'),(55,2,'DORIS','REED','DORIS.REED@sakilacustomer.org',59,1,'2006-02-14 22:04:36','2006-02-15 04:57:20'),(56,1,'GLORIA','COOK','GLORIA.COOK@sakilacustomer.org',60,1,'2006-02-14 22:04:36','2006-02-15 04:57:20'),(57,2,'EVELYN','MORGAN','EVELYN.MORGAN@sakilacustomer.org',61,1,'2006-02-14 22:04:36','2006-02-15 04:57:20'),(58,1,'JEAN','BELL','JEAN.BELL@sakilacustomer.org',62,1,'2006-02-14 22:04:36','2006-02-15 04:57:20'),(59,1,'CHERYL','MURPHY','CHERYL.MURPHY@sakilacustomer.org',63,1,'2006-02-14 22:04:36','2006-02-15 04:57:20'),(60,1,'MILDRED','BAILEY','MILDRED.BAILEY@sakilacustomer.org',64,1,'2006-02-14 22:04:36','2006-02-15 04:57:20'),(61,2,'KATHERINE','RIVERA','KATHERINE.RIVERA@sakilacustomer.org',65,1,'2006-02-14 22:04:36','2006-02-15 04:57:20'),(62,1,'JOAN','COOPER','JOAN.COOPER@sakilacustomer.org',66,1,'2006-02-14 22:04:36','2006-02-15 04:57:20'),(63,1,'ASHLEY','RICHARDSON','ASHLEY.RICHARDSON@sakilacustomer.org',67,1,'2006-02-14 22:04:36','2006-02-15 04:57:20'),(64,2,'JUDITH','COX','JUDITH.COX@sakilacustomer.org',68,0,'2006-02-14 22:04:36','2006-02-15 04:57:20'),(65,2,'ROSE','HOWARD','ROSE.HOWARD@sakilacustomer.org',69,1,'2006-02-14 22:04:36','2006-02-15 04:57:20'),(66,2,'JANICE','WARD','JANICE.WARD@sakilacustomer.org',70,1,'2006-02-14 22:04:36','2006-02-15 04:57:20'),(67,1,'KELLY','TORRES','KELLY.TORRES@sakilacustomer.org',71,1,'2006-02-14 22:04:36','2006-02-15 04:57:20'),(68,1,'NICOLE','PETERSON','NICOLE.PETERSON@sakilacustomer.org',72,1,'2006-02-14 22:04:36','2006-02-15 04:57:20'),(69,2,'JUDY','GRAY','JUDY.GRAY@sakilacustomer.org',73,1,'2006-02-14 22:04:36','2006-02-15 04:57:20'),(70,2,'CHRISTINA','RAMIREZ','CHRISTINA.RAMIREZ@sakilacustomer.org',74,1,'2006-02-14 22:04:36','2006-02-15 04:57:20'),(71,1,'KATHY','JAMES','KATHY.JAMES@sakilacustomer.org',75,1,'2006-02-14 22:04:36','2006-02-15 04:57:20'),(72,2,'THERESA','WATSON','THERESA.WATSON@sakilacustomer.org',76,1,'2006-02-14 22:04:36','2006-02-15 04:57:20'),(73,2,'BEVERLY','BROOKS','BEVERLY.BROOKS@sakilacustomer.org',77,1,'2006-02-14 22:04:36','2006-02-15 04:57:20'),(74,1,'DENISE','KELLY','DENISE.KELLY@sakilacustomer.org',78,1,'2006-02-14 22:04:36','2006-02-15 04:57:20'),(75,2,'TAMMY','SANDERS','TAMMY.SANDERS@sakilacustomer.org',79,1,'2006-02-14 22:04:36','2006-02-15 04:57:20'),(76,2,'IRENE','PRICE','IRENE.PRICE@sakilacustomer.org',80,1,'2006-02-14 22:04:36','2006-02-15 04:57:20'),(77,2,'JANE','BENNETT','JANE.BENNETT@sakilacustomer.org',81,1,'2006-02-14 22:04:36','2006-02-15 04:57:20'),(78,1,'LORI','WOOD','LORI.WOOD@sakilacustomer.org',82,1,'2006-02-14 22:04:36','2006-02-15 04:57:20'),(79,1,'RACHEL','BARNES','RACHEL.BARNES@sakilacustomer.org',83,1,'2006-02-14 22:04:36','2006-02-15 04:57:20'),(80,1,'MARILYN','ROSS','MARILYN.ROSS@sakilacustomer.org',84,1,'2006-02-14 22:04:36','2006-02-15 04:57:20'),(81,1,'ANDREA','HENDERSON','ANDREA.HENDERSON@sakilacustomer.org',85,1,'2006-02-14 22:04:36','2006-02-15 04:57:20'),(82,1,'KATHRYN','COLEMAN','KATHRYN.COLEMAN@sakilacustomer.org',86,1,'2006-02-14 22:04:36','2006-02-15 04:57:20'),(83,1,'LOUISE','JENKINS','LOUISE.JENKINS@sakilacustomer.org',87,1,'2006-02-14 22:04:36','2006-02-15 04:57:20'),(84,2,'SARA','PERRY','SARA.PERRY@sakilacustomer.org',88,1,'2006-02-14 22:04:36','2006-02-15 04:57:20'),(85,2,'ANNE','POWELL','ANNE.POWELL@sakilacustomer.org',89,1,'2006-02-14 22:04:36','2006-02-15 04:57:20'),(86,2,'JACQUELINE','LONG','JACQUELINE.LONG@sakilacustomer.org',90,1,'2006-02-14 22:04:36','2006-02-15 04:57:20'),(87,1,'WANDA','PATTERSON','WANDA.PATTERSON@sakilacustomer.org',91,1,'2006-02-14 22:04:36','2006-02-15 04:57:20'),(88,2,'BONNIE','HUGHES','BONNIE.HUGHES@sakilacustomer.org',92,1,'2006-02-14 22:04:36','2006-02-15 04:57:20'),(89,1,'JULIA','FLORES','JULIA.FLORES@sakilacustomer.org',93,1,'2006-02-14 22:04:36','2006-02-15 04:57:20'),(90,2,'RUBY','WASHINGTON','RUBY.WASHINGTON@sakilacustomer.org',94,1,'2006-02-14 22:04:36','2006-02-15 04:57:20'),(91,2,'LOIS','BUTLER','LOIS.BUTLER@sakilacustomer.org',95,1,'2006-02-14 22:04:36','2006-02-15 04:57:20'),(92,2,'TINA','SIMMONS','TINA.SIMMONS@sakilacustomer.org',96,1,'2006-02-14 22:04:36','2006-02-15 04:57:20'),(93,1,'PHYLLIS','FOSTER','PHYLLIS.FOSTER@sakilacustomer.org',97,1,'2006-02-14 22:04:36','2006-02-15 04:57:20'),(94,1,'NORMA','GONZALES','NORMA.GONZALES@sakilacustomer.org',98,1,'2006-02-14 22:04:36','2006-02-15 04:57:20'),(95,2,'PAULA','BRYANT','PAULA.BRYANT@sakilacustomer.org',99,1,'2006-02-14 22:04:36','2006-02-15 04:57:20'),(96,1,'DIANA','ALEXANDER','DIANA.ALEXANDER@sakilacustomer.org',100,1,'2006-02-14 22:04:36','2006-02-15 04:57:20'),(97,2,'ANNIE','RUSSELL','ANNIE.RUSSELL@sakilacustomer.org',101,1,'2006-02-14 22:04:36','2006-02-15 04:57:20'),(98,1,'LILLIAN','GRIFFIN','LILLIAN.GRIFFIN@sakilacustomer.org',102,1,'2006-02-14 22:04:36','2006-02-15 04:57:20'),(99,2,'EMILY','DIAZ','EMILY.DIAZ@sakilacustomer.org',103,1,'2006-02-14 22:04:36','2006-02-15 04:57:20'),(100,1,'ROBIN','HAYES','ROBIN.HAYES@sakilacustomer.org',104,1,'2006-02-14 22:04:36','2006-02-15 04:57:20'),(101,1,'PEGGY','MYERS','PEGGY.MYERS@sakilacustomer.org',105,1,'2006-02-14 22:04:36','2006-02-15 04:57:20'),(102,1,'CRYSTAL','FORD','CRYSTAL.FORD@sakilacustomer.org',106,1,'2006-02-14 22:04:36','2006-02-15 04:57:20'),(103,1,'GLADYS','HAMILTON','GLADYS.HAMILTON@sakilacustomer.org',107,1,'2006-02-14 22:04:36','2006-02-15 04:57:20'),(104,1,'RITA','GRAHAM','RITA.GRAHAM@sakilacustomer.org',108,1,'2006-02-14 22:04:36','2006-02-15 04:57:20'),(105,1,'DAWN','SULLIVAN','DAWN.SULLIVAN@sakilacustomer.org',109,1,'2006-02-14 22:04:36','2006-02-15 04:57:20'),(106,1,'CONNIE','WALLACE','CONNIE.WALLACE@sakilacustomer.org',110,1,'2006-02-14 22:04:36','2006-02-15 04:57:20'),(107,1,'FLORENCE','WOODS','FLORENCE.WOODS@sakilacustomer.org',111,1,'2006-02-14 22:04:36','2006-02-15 04:57:20'),(108,1,'TRACY','COLE','TRACY.COLE@sakilacustomer.org',112,1,'2006-02-14 22:04:36','2006-02-15 04:57:20'),(109,2,'EDNA','WEST','EDNA.WEST@sakilacustomer.org',113,1,'2006-02-14 22:04:36','2006-02-15 04:57:20'),(110,2,'TIFFANY','JORDAN','TIFFANY.JORDAN@sakilacustomer.org',114,1,'2006-02-14 22:04:36','2006-02-15 04:57:20'),(111,1,'CARMEN','OWENS','CARMEN.OWENS@sakilacustomer.org',115,1,'2006-02-14 22:04:36','2006-02-15 04:57:20'),(112,2,'ROSA','REYNOLDS','ROSA.REYNOLDS@sakilacustomer.org',116,1,'2006-02-14 22:04:36','2006-02-15 04:57:20'),(113,2,'CINDY','FISHER','CINDY.FISHER@sakilacustomer.org',117,1,'2006-02-14 22:04:36','2006-02-15 04:57:20'),(114,2,'GRACE','ELLIS','GRACE.ELLIS@sakilacustomer.org',118,1,'2006-02-14 22:04:36','2006-02-15 04:57:20'),(115,1,'WENDY','HARRISON','WENDY.HARRISON@sakilacustomer.org',119,1,'2006-02-14 22:04:36','2006-02-15 04:57:20'),(116,1,'VICTORIA','GIBSON','VICTORIA.GIBSON@sakilacustomer.org',120,1,'2006-02-14 22:04:36','2006-02-15 04:57:20'),(117,1,'EDITH','MCDONALD','EDITH.MCDONALD@sakilacustomer.org',121,1,'2006-02-14 22:04:36','2006-02-15 04:57:20'),(118,1,'KIM','CRUZ','KIM.CRUZ@sakilacustomer.org',122,1,'2006-02-14 22:04:36','2006-02-15 04:57:20'),(119,1,'SHERRY','MARSHALL','SHERRY.MARSHALL@sakilacustomer.org',123,1,'2006-02-14 22:04:36','2006-02-15 04:57:20'),(120,2,'SYLVIA','ORTIZ','SYLVIA.ORTIZ@sakilacustomer.org',124,1,'2006-02-14 22:04:36','2006-02-15 04:57:20'),(121,1,'JOSEPHINE','GOMEZ','JOSEPHINE.GOMEZ@sakilacustomer.org',125,1,'2006-02-14 22:04:36','2006-02-15 04:57:20'),(122,1,'THELMA','MURRAY','THELMA.MURRAY@sakilacustomer.org',126,1,'2006-02-14 22:04:36','2006-02-15 04:57:20'),(123,2,'SHANNON','FREEMAN','SHANNON.FREEMAN@sakilacustomer.org',127,1,'2006-02-14 22:04:36','2006-02-15 04:57:20'),(124,1,'SHEILA','WELLS','SHEILA.WELLS@sakilacustomer.org',128,0,'2006-02-14 22:04:36','2006-02-15 04:57:20'),(125,1,'ETHEL','WEBB','ETHEL.WEBB@sakilacustomer.org',129,1,'2006-02-14 22:04:36','2006-02-15 04:57:20'),(126,1,'ELLEN','SIMPSON','ELLEN.SIMPSON@sakilacustomer.org',130,1,'2006-02-14 22:04:36','2006-02-15 04:57:20'),(127,2,'ELAINE','STEVENS','ELAINE.STEVENS@sakilacustomer.org',131,1,'2006-02-14 22:04:36','2006-02-15 04:57:20'),(128,1,'MARJORIE','TUCKER','MARJORIE.TUCKER@sakilacustomer.org',132,1,'2006-02-14 22:04:36','2006-02-15 04:57:20'),(129,1,'CARRIE','PORTER','CARRIE.PORTER@sakilacustomer.org',133,1,'2006-02-14 22:04:36','2006-02-15 04:57:20'),(130,1,'CHARLOTTE','HUNTER','CHARLOTTE.HUNTER@sakilacustomer.org',134,1,'2006-02-14 22:04:36','2006-02-15 04:57:20'),(131,2,'MONICA','HICKS','MONICA.HICKS@sakilacustomer.org',135,1,'2006-02-14 22:04:36','2006-02-15 04:57:20'),(132,2,'ESTHER','CRAWFORD','ESTHER.CRAWFORD@sakilacustomer.org',136,1,'2006-02-14 22:04:36','2006-02-15 04:57:20'),(133,1,'PAULINE','HENRY','PAULINE.HENRY@sakilacustomer.org',137,1,'2006-02-14 22:04:36','2006-02-15 04:57:20'),(134,1,'EMMA','BOYD','EMMA.BOYD@sakilacustomer.org',138,1,'2006-02-14 22:04:36','2006-02-15 04:57:20'),(135,2,'JUANITA','MASON','JUANITA.MASON@sakilacustomer.org',139,1,'2006-02-14 22:04:36','2006-02-15 04:57:20'),(136,2,'ANITA','MORALES','ANITA.MORALES@sakilacustomer.org',140,1,'2006-02-14 22:04:36','2006-02-15 04:57:20'),(137,2,'RHONDA','KENNEDY','RHONDA.KENNEDY@sakilacustomer.org',141,1,'2006-02-14 22:04:36','2006-02-15 04:57:20'),(138,1,'HAZEL','WARREN','HAZEL.WARREN@sakilacustomer.org',142,1,'2006-02-14 22:04:36','2006-02-15 04:57:20'),(139,1,'AMBER','DIXON','AMBER.DIXON@sakilacustomer.org',143,1,'2006-02-14 22:04:36','2006-02-15 04:57:20'),(140,1,'EVA','RAMOS','EVA.RAMOS@sakilacustomer.org',144,1,'2006-02-14 22:04:36','2006-02-15 04:57:20'),(141,1,'DEBBIE','REYES','DEBBIE.REYES@sakilacustomer.org',145,1,'2006-02-14 22:04:36','2006-02-15 04:57:20'),(142,1,'APRIL','BURNS','APRIL.BURNS@sakilacustomer.org',146,1,'2006-02-14 22:04:36','2006-02-15 04:57:20'),(143,1,'LESLIE','GORDON','LESLIE.GORDON@sakilacustomer.org',147,1,'2006-02-14 22:04:36','2006-02-15 04:57:20'),(144,1,'CLARA','SHAW','CLARA.SHAW@sakilacustomer.org',148,1,'2006-02-14 22:04:36','2006-02-15 04:57:20'),(145,1,'LUCILLE','HOLMES','LUCILLE.HOLMES@sakilacustomer.org',149,1,'2006-02-14 22:04:36','2006-02-15 04:57:20'),(146,1,'JAMIE','RICE','JAMIE.RICE@sakilacustomer.org',150,1,'2006-02-14 22:04:36','2006-02-15 04:57:20'),(147,2,'JOANNE','ROBERTSON','JOANNE.ROBERTSON@sakilacustomer.org',151,1,'2006-02-14 22:04:36','2006-02-15 04:57:20'),(148,1,'ELEANOR','HUNT','ELEANOR.HUNT@sakilacustomer.org',152,1,'2006-02-14 22:04:36','2006-02-15 04:57:20'),(149,1,'VALERIE','BLACK','VALERIE.BLACK@sakilacustomer.org',153,1,'2006-02-14 22:04:36','2006-02-15 04:57:20'),(150,2,'DANIELLE','DANIELS','DANIELLE.DANIELS@sakilacustomer.org',154,1,'2006-02-14 22:04:36','2006-02-15 04:57:20'),(151,2,'MEGAN','PALMER','MEGAN.PALMER@sakilacustomer.org',155,1,'2006-02-14 22:04:36','2006-02-15 04:57:20'),(152,1,'ALICIA','MILLS','ALICIA.MILLS@sakilacustomer.org',156,1,'2006-02-14 22:04:36','2006-02-15 04:57:20'),(153,2,'SUZANNE','NICHOLS','SUZANNE.NICHOLS@sakilacustomer.org',157,1,'2006-02-14 22:04:36','2006-02-15 04:57:20'),(154,2,'MICHELE','GRANT','MICHELE.GRANT@sakilacustomer.org',158,1,'2006-02-14 22:04:36','2006-02-15 04:57:20'),(155,1,'GAIL','KNIGHT','GAIL.KNIGHT@sakilacustomer.org',159,1,'2006-02-14 22:04:36','2006-02-15 04:57:20'),(156,1,'BERTHA','FERGUSON','BERTHA.FERGUSON@sakilacustomer.org',160,1,'2006-02-14 22:04:36','2006-02-15 04:57:20'),(157,2,'DARLENE','ROSE','DARLENE.ROSE@sakilacustomer.org',161,1,'2006-02-14 22:04:36','2006-02-15 04:57:20'),(158,1,'VERONICA','STONE','VERONICA.STONE@sakilacustomer.org',162,1,'2006-02-14 22:04:36','2006-02-15 04:57:20'),(159,1,'JILL','HAWKINS','JILL.HAWKINS@sakilacustomer.org',163,1,'2006-02-14 22:04:36','2006-02-15 04:57:20'),(160,2,'ERIN','DUNN','ERIN.DUNN@sakilacustomer.org',164,1,'2006-02-14 22:04:36','2006-02-15 04:57:20'),(161,1,'GERALDINE','PERKINS','GERALDINE.PERKINS@sakilacustomer.org',165,1,'2006-02-14 22:04:36','2006-02-15 04:57:20'),(162,2,'LAUREN','HUDSON','LAUREN.HUDSON@sakilacustomer.org',166,1,'2006-02-14 22:04:36','2006-02-15 04:57:20'),(163,1,'CATHY','SPENCER','CATHY.SPENCER@sakilacustomer.org',167,1,'2006-02-14 22:04:36','2006-02-15 04:57:20'),(164,2,'JOANN','GARDNER','JOANN.GARDNER@sakilacustomer.org',168,1,'2006-02-14 22:04:36','2006-02-15 04:57:20'),(165,2,'LORRAINE','STEPHENS','LORRAINE.STEPHENS@sakilacustomer.org',169,1,'2006-02-14 22:04:36','2006-02-15 04:57:20'),(166,1,'LYNN','PAYNE','LYNN.PAYNE@sakilacustomer.org',170,1,'2006-02-14 22:04:36','2006-02-15 04:57:20'),(167,2,'SALLY','PIERCE','SALLY.PIERCE@sakilacustomer.org',171,1,'2006-02-14 22:04:36','2006-02-15 04:57:20'),(168,1,'REGINA','BERRY','REGINA.BERRY@sakilacustomer.org',172,1,'2006-02-14 22:04:36','2006-02-15 04:57:20'),(169,2,'ERICA','MATTHEWS','ERICA.MATTHEWS@sakilacustomer.org',173,0,'2006-02-14 22:04:36','2006-02-15 04:57:20'),(170,1,'BEATRICE','ARNOLD','BEATRICE.ARNOLD@sakilacustomer.org',174,1,'2006-02-14 22:04:36','2006-02-15 04:57:20'),(171,2,'DOLORES','WAGNER','DOLORES.WAGNER@sakilacustomer.org',175,1,'2006-02-14 22:04:36','2006-02-15 04:57:20'),(172,1,'BERNICE','WILLIS','BERNICE.WILLIS@sakilacustomer.org',176,1,'2006-02-14 22:04:36','2006-02-15 04:57:20'),(173,1,'AUDREY','RAY','AUDREY.RAY@sakilacustomer.org',177,1,'2006-02-14 22:04:36','2006-02-15 04:57:20'),(174,2,'YVONNE','WATKINS','YVONNE.WATKINS@sakilacustomer.org',178,1,'2006-02-14 22:04:36','2006-02-15 04:57:20'),(175,1,'ANNETTE','OLSON','ANNETTE.OLSON@sakilacustomer.org',179,1,'2006-02-14 22:04:36','2006-02-15 04:57:20'),(176,1,'JUNE','CARROLL','JUNE.CARROLL@sakilacustomer.org',180,1,'2006-02-14 22:04:36','2006-02-15 04:57:20'),(177,2,'SAMANTHA','DUNCAN','SAMANTHA.DUNCAN@sakilacustomer.org',181,1,'2006-02-14 22:04:36','2006-02-15 04:57:20'),(178,2,'MARION','SNYDER','MARION.SNYDER@sakilacustomer.org',182,1,'2006-02-14 22:04:36','2006-02-15 04:57:20'),(179,1,'DANA','HART','DANA.HART@sakilacustomer.org',183,1,'2006-02-14 22:04:36','2006-02-15 04:57:20'),(180,2,'STACY','CUNNINGHAM','STACY.CUNNINGHAM@sakilacustomer.org',184,1,'2006-02-14 22:04:36','2006-02-15 04:57:20'),(181,2,'ANA','BRADLEY','ANA.BRADLEY@sakilacustomer.org',185,1,'2006-02-14 22:04:36','2006-02-15 04:57:20'),(182,1,'RENEE','LANE','RENEE.LANE@sakilacustomer.org',186,1,'2006-02-14 22:04:36','2006-02-15 04:57:20'),(183,2,'IDA','ANDREWS','IDA.ANDREWS@sakilacustomer.org',187,1,'2006-02-14 22:04:36','2006-02-15 04:57:20'),(184,1,'VIVIAN','RUIZ','VIVIAN.RUIZ@sakilacustomer.org',188,1,'2006-02-14 22:04:36','2006-02-15 04:57:20'),(185,1,'ROBERTA','HARPER','ROBERTA.HARPER@sakilacustomer.org',189,1,'2006-02-14 22:04:36','2006-02-15 04:57:20'),(186,2,'HOLLY','FOX','HOLLY.FOX@sakilacustomer.org',190,1,'2006-02-14 22:04:36','2006-02-15 04:57:20'),(187,2,'BRITTANY','RILEY','BRITTANY.RILEY@sakilacustomer.org',191,1,'2006-02-14 22:04:36','2006-02-15 04:57:20'),(188,1,'MELANIE','ARMSTRONG','MELANIE.ARMSTRONG@sakilacustomer.org',192,1,'2006-02-14 22:04:36','2006-02-15 04:57:20'),(189,1,'LORETTA','CARPENTER','LORETTA.CARPENTER@sakilacustomer.org',193,1,'2006-02-14 22:04:36','2006-02-15 04:57:20'),(190,2,'YOLANDA','WEAVER','YOLANDA.WEAVER@sakilacustomer.org',194,1,'2006-02-14 22:04:36','2006-02-15 04:57:20'),(191,1,'JEANETTE','GREENE','JEANETTE.GREENE@sakilacustomer.org',195,1,'2006-02-14 22:04:36','2006-02-15 04:57:20'),(192,1,'LAURIE','LAWRENCE','LAURIE.LAWRENCE@sakilacustomer.org',196,1,'2006-02-14 22:04:36','2006-02-15 04:57:20'),(193,2,'KATIE','ELLIOTT','KATIE.ELLIOTT@sakilacustomer.org',197,1,'2006-02-14 22:04:36','2006-02-15 04:57:20'),(194,2,'KRISTEN','CHAVEZ','KRISTEN.CHAVEZ@sakilacustomer.org',198,1,'2006-02-14 22:04:36','2006-02-15 04:57:20'),(195,1,'VANESSA','SIMS','VANESSA.SIMS@sakilacustomer.org',199,1,'2006-02-14 22:04:36','2006-02-15 04:57:20'),(196,1,'ALMA','AUSTIN','ALMA.AUSTIN@sakilacustomer.org',200,1,'2006-02-14 22:04:36','2006-02-15 04:57:20'),(197,2,'SUE','PETERS','SUE.PETERS@sakilacustomer.org',201,1,'2006-02-14 22:04:36','2006-02-15 04:57:20'),(198,2,'ELSIE','KELLEY','ELSIE.KELLEY@sakilacustomer.org',202,1,'2006-02-14 22:04:36','2006-02-15 04:57:20'),(199,2,'BETH','FRANKLIN','BETH.FRANKLIN@sakilacustomer.org',203,1,'2006-02-14 22:04:36','2006-02-15 04:57:20'),(200,2,'JEANNE','LAWSON','JEANNE.LAWSON@sakilacustomer.org',204,1,'2006-02-14 22:04:36','2006-02-15 04:57:20'),(201,1,'VICKI','FIELDS','VICKI.FIELDS@sakilacustomer.org',205,1,'2006-02-14 22:04:36','2006-02-15 04:57:20'),(202,2,'CARLA','GUTIERREZ','CARLA.GUTIERREZ@sakilacustomer.org',206,1,'2006-02-14 22:04:36','2006-02-15 04:57:20'),(203,1,'TARA','RYAN','TARA.RYAN@sakilacustomer.org',207,1,'2006-02-14 22:04:36','2006-02-15 04:57:20'),(204,1,'ROSEMARY','SCHMIDT','ROSEMARY.SCHMIDT@sakilacustomer.org',208,1,'2006-02-14 22:04:36','2006-02-15 04:57:20'),(205,2,'EILEEN','CARR','EILEEN.CARR@sakilacustomer.org',209,1,'2006-02-14 22:04:36','2006-02-15 04:57:20'),(206,1,'TERRI','VASQUEZ','TERRI.VASQUEZ@sakilacustomer.org',210,1,'2006-02-14 22:04:36','2006-02-15 04:57:20'),(207,1,'GERTRUDE','CASTILLO','GERTRUDE.CASTILLO@sakilacustomer.org',211,1,'2006-02-14 22:04:36','2006-02-15 04:57:20'),(208,1,'LUCY','WHEELER','LUCY.WHEELER@sakilacustomer.org',212,1,'2006-02-14 22:04:36','2006-02-15 04:57:20'),(209,2,'TONYA','CHAPMAN','TONYA.CHAPMAN@sakilacustomer.org',213,1,'2006-02-14 22:04:36','2006-02-15 04:57:20'),(210,2,'ELLA','OLIVER','ELLA.OLIVER@sakilacustomer.org',214,1,'2006-02-14 22:04:36','2006-02-15 04:57:20'),(211,1,'STACEY','MONTGOMERY','STACEY.MONTGOMERY@sakilacustomer.org',215,1,'2006-02-14 22:04:36','2006-02-15 04:57:20'),(212,2,'WILMA','RICHARDS','WILMA.RICHARDS@sakilacustomer.org',216,1,'2006-02-14 22:04:36','2006-02-15 04:57:20'),(213,1,'GINA','WILLIAMSON','GINA.WILLIAMSON@sakilacustomer.org',217,1,'2006-02-14 22:04:36','2006-02-15 04:57:20'),(214,1,'KRISTIN','JOHNSTON','KRISTIN.JOHNSTON@sakilacustomer.org',218,1,'2006-02-14 22:04:36','2006-02-15 04:57:20'),(215,2,'JESSIE','BANKS','JESSIE.BANKS@sakilacustomer.org',219,1,'2006-02-14 22:04:36','2006-02-15 04:57:20'),(216,1,'NATALIE','MEYER','NATALIE.MEYER@sakilacustomer.org',220,1,'2006-02-14 22:04:36','2006-02-15 04:57:20'),(217,2,'AGNES','BISHOP','AGNES.BISHOP@sakilacustomer.org',221,1,'2006-02-14 22:04:36','2006-02-15 04:57:20'),(218,1,'VERA','MCCOY','VERA.MCCOY@sakilacustomer.org',222,1,'2006-02-14 22:04:36','2006-02-15 04:57:20'),(219,2,'WILLIE','HOWELL','WILLIE.HOWELL@sakilacustomer.org',223,1,'2006-02-14 22:04:36','2006-02-15 04:57:20'),(220,2,'CHARLENE','ALVAREZ','CHARLENE.ALVAREZ@sakilacustomer.org',224,1,'2006-02-14 22:04:36','2006-02-15 04:57:20'),(221,1,'BESSIE','MORRISON','BESSIE.MORRISON@sakilacustomer.org',225,1,'2006-02-14 22:04:36','2006-02-15 04:57:20'),(222,2,'DELORES','HANSEN','DELORES.HANSEN@sakilacustomer.org',226,1,'2006-02-14 22:04:36','2006-02-15 04:57:20'),(223,1,'MELINDA','FERNANDEZ','MELINDA.FERNANDEZ@sakilacustomer.org',227,1,'2006-02-14 22:04:36','2006-02-15 04:57:20'),(224,2,'PEARL','GARZA','PEARL.GARZA@sakilacustomer.org',228,1,'2006-02-14 22:04:36','2006-02-15 04:57:20'),(225,1,'ARLENE','HARVEY','ARLENE.HARVEY@sakilacustomer.org',229,1,'2006-02-14 22:04:36','2006-02-15 04:57:20'),(226,2,'MAUREEN','LITTLE','MAUREEN.LITTLE@sakilacustomer.org',230,1,'2006-02-14 22:04:36','2006-02-15 04:57:20'),(227,1,'COLLEEN','BURTON','COLLEEN.BURTON@sakilacustomer.org',231,1,'2006-02-14 22:04:36','2006-02-15 04:57:20'),(228,2,'ALLISON','STANLEY','ALLISON.STANLEY@sakilacustomer.org',232,1,'2006-02-14 22:04:36','2006-02-15 04:57:20'),(229,1,'TAMARA','NGUYEN','TAMARA.NGUYEN@sakilacustomer.org',233,1,'2006-02-14 22:04:36','2006-02-15 04:57:20'),(230,2,'JOY','GEORGE','JOY.GEORGE@sakilacustomer.org',234,1,'2006-02-14 22:04:36','2006-02-15 04:57:20'),(231,1,'GEORGIA','JACOBS','GEORGIA.JACOBS@sakilacustomer.org',235,1,'2006-02-14 22:04:36','2006-02-15 04:57:20'),(232,2,'CONSTANCE','REID','CONSTANCE.REID@sakilacustomer.org',236,1,'2006-02-14 22:04:36','2006-02-15 04:57:20'),(233,2,'LILLIE','KIM','LILLIE.KIM@sakilacustomer.org',237,1,'2006-02-14 22:04:36','2006-02-15 04:57:20'),(234,1,'CLAUDIA','FULLER','CLAUDIA.FULLER@sakilacustomer.org',238,1,'2006-02-14 22:04:36','2006-02-15 04:57:20'),(235,1,'JACKIE','LYNCH','JACKIE.LYNCH@sakilacustomer.org',239,1,'2006-02-14 22:04:36','2006-02-15 04:57:20'),(236,1,'MARCIA','DEAN','MARCIA.DEAN@sakilacustomer.org',240,1,'2006-02-14 22:04:36','2006-02-15 04:57:20'),(237,1,'TANYA','GILBERT','TANYA.GILBERT@sakilacustomer.org',241,1,'2006-02-14 22:04:36','2006-02-15 04:57:20'),(238,1,'NELLIE','GARRETT','NELLIE.GARRETT@sakilacustomer.org',242,1,'2006-02-14 22:04:36','2006-02-15 04:57:20'),(239,2,'MINNIE','ROMERO','MINNIE.ROMERO@sakilacustomer.org',243,1,'2006-02-14 22:04:36','2006-02-15 04:57:20'),(240,1,'MARLENE','WELCH','MARLENE.WELCH@sakilacustomer.org',244,1,'2006-02-14 22:04:36','2006-02-15 04:57:20'),(241,2,'HEIDI','LARSON','HEIDI.LARSON@sakilacustomer.org',245,0,'2006-02-14 22:04:36','2006-02-15 04:57:20'),(242,1,'GLENDA','FRAZIER','GLENDA.FRAZIER@sakilacustomer.org',246,1,'2006-02-14 22:04:36','2006-02-15 04:57:20'),(243,1,'LYDIA','BURKE','LYDIA.BURKE@sakilacustomer.org',247,1,'2006-02-14 22:04:36','2006-02-15 04:57:20'),(244,2,'VIOLA','HANSON','VIOLA.HANSON@sakilacustomer.org',248,1,'2006-02-14 22:04:36','2006-02-15 04:57:20'),(245,1,'COURTNEY','DAY','COURTNEY.DAY@sakilacustomer.org',249,1,'2006-02-14 22:04:36','2006-02-15 04:57:20'),(246,1,'MARIAN','MENDOZA','MARIAN.MENDOZA@sakilacustomer.org',250,1,'2006-02-14 22:04:36','2006-02-15 04:57:20'),(247,1,'STELLA','MORENO','STELLA.MORENO@sakilacustomer.org',251,1,'2006-02-14 22:04:36','2006-02-15 04:57:20'),(248,1,'CAROLINE','BOWMAN','CAROLINE.BOWMAN@sakilacustomer.org',252,1,'2006-02-14 22:04:36','2006-02-15 04:57:20'),(249,2,'DORA','MEDINA','DORA.MEDINA@sakilacustomer.org',253,1,'2006-02-14 22:04:36','2006-02-15 04:57:20'),(250,2,'JO','FOWLER','JO.FOWLER@sakilacustomer.org',254,1,'2006-02-14 22:04:36','2006-02-15 04:57:20'),(251,2,'VICKIE','BREWER','VICKIE.BREWER@sakilacustomer.org',255,1,'2006-02-14 22:04:36','2006-02-15 04:57:20'),(252,2,'MATTIE','HOFFMAN','MATTIE.HOFFMAN@sakilacustomer.org',256,1,'2006-02-14 22:04:36','2006-02-15 04:57:20'),(253,1,'TERRY','CARLSON','TERRY.CARLSON@sakilacustomer.org',258,1,'2006-02-14 22:04:36','2006-02-15 04:57:20'),(254,2,'MAXINE','SILVA','MAXINE.SILVA@sakilacustomer.org',259,1,'2006-02-14 22:04:36','2006-02-15 04:57:20'),(255,2,'IRMA','PEARSON','IRMA.PEARSON@sakilacustomer.org',260,1,'2006-02-14 22:04:36','2006-02-15 04:57:20'),(256,2,'MABEL','HOLLAND','MABEL.HOLLAND@sakilacustomer.org',261,1,'2006-02-14 22:04:36','2006-02-15 04:57:20'),(257,2,'MARSHA','DOUGLAS','MARSHA.DOUGLAS@sakilacustomer.org',262,1,'2006-02-14 22:04:36','2006-02-15 04:57:20'),(258,1,'MYRTLE','FLEMING','MYRTLE.FLEMING@sakilacustomer.org',263,1,'2006-02-14 22:04:36','2006-02-15 04:57:20'),(259,2,'LENA','JENSEN','LENA.JENSEN@sakilacustomer.org',264,1,'2006-02-14 22:04:36','2006-02-15 04:57:20'),(260,1,'CHRISTY','VARGAS','CHRISTY.VARGAS@sakilacustomer.org',265,1,'2006-02-14 22:04:36','2006-02-15 04:57:20'),(261,1,'DEANNA','BYRD','DEANNA.BYRD@sakilacustomer.org',266,1,'2006-02-14 22:04:36','2006-02-15 04:57:20'),(262,2,'PATSY','DAVIDSON','PATSY.DAVIDSON@sakilacustomer.org',267,1,'2006-02-14 22:04:36','2006-02-15 04:57:20'),(263,1,'HILDA','HOPKINS','HILDA.HOPKINS@sakilacustomer.org',268,1,'2006-02-14 22:04:36','2006-02-15 04:57:20'),(264,1,'GWENDOLYN','MAY','GWENDOLYN.MAY@sakilacustomer.org',269,1,'2006-02-14 22:04:36','2006-02-15 04:57:20'),(265,2,'JENNIE','TERRY','JENNIE.TERRY@sakilacustomer.org',270,1,'2006-02-14 22:04:36','2006-02-15 04:57:20'),(266,2,'NORA','HERRERA','NORA.HERRERA@sakilacustomer.org',271,1,'2006-02-14 22:04:36','2006-02-15 04:57:20'),(267,1,'MARGIE','WADE','MARGIE.WADE@sakilacustomer.org',272,1,'2006-02-14 22:04:36','2006-02-15 04:57:20'),(268,1,'NINA','SOTO','NINA.SOTO@sakilacustomer.org',273,1,'2006-02-14 22:04:36','2006-02-15 04:57:20'),(269,1,'CASSANDRA','WALTERS','CASSANDRA.WALTERS@sakilacustomer.org',274,1,'2006-02-14 22:04:36','2006-02-15 04:57:20'),(270,1,'LEAH','CURTIS','LEAH.CURTIS@sakilacustomer.org',275,1,'2006-02-14 22:04:36','2006-02-15 04:57:20'),(271,1,'PENNY','NEAL','PENNY.NEAL@sakilacustomer.org',276,0,'2006-02-14 22:04:36','2006-02-15 04:57:20'),(272,1,'KAY','CALDWELL','KAY.CALDWELL@sakilacustomer.org',277,1,'2006-02-14 22:04:37','2006-02-15 04:57:20'),(273,2,'PRISCILLA','LOWE','PRISCILLA.LOWE@sakilacustomer.org',278,1,'2006-02-14 22:04:37','2006-02-15 04:57:20'),(274,1,'NAOMI','JENNINGS','NAOMI.JENNINGS@sakilacustomer.org',279,1,'2006-02-14 22:04:37','2006-02-15 04:57:20'),(275,2,'CAROLE','BARNETT','CAROLE.BARNETT@sakilacustomer.org',280,1,'2006-02-14 22:04:37','2006-02-15 04:57:20'),(276,1,'BRANDY','GRAVES','BRANDY.GRAVES@sakilacustomer.org',281,1,'2006-02-14 22:04:37','2006-02-15 04:57:20'),(277,2,'OLGA','JIMENEZ','OLGA.JIMENEZ@sakilacustomer.org',282,1,'2006-02-14 22:04:37','2006-02-15 04:57:20'),(278,2,'BILLIE','HORTON','BILLIE.HORTON@sakilacustomer.org',283,1,'2006-02-14 22:04:37','2006-02-15 04:57:20'),(279,2,'DIANNE','SHELTON','DIANNE.SHELTON@sakilacustomer.org',284,1,'2006-02-14 22:04:37','2006-02-15 04:57:20'),(280,2,'TRACEY','BARRETT','TRACEY.BARRETT@sakilacustomer.org',285,1,'2006-02-14 22:04:37','2006-02-15 04:57:20'),(281,2,'LEONA','OBRIEN','LEONA.OBRIEN@sakilacustomer.org',286,1,'2006-02-14 22:04:37','2006-02-15 04:57:20'),(282,2,'JENNY','CASTRO','JENNY.CASTRO@sakilacustomer.org',287,1,'2006-02-14 22:04:37','2006-02-15 04:57:20'),(283,1,'FELICIA','SUTTON','FELICIA.SUTTON@sakilacustomer.org',288,1,'2006-02-14 22:04:37','2006-02-15 04:57:20'),(284,1,'SONIA','GREGORY','SONIA.GREGORY@sakilacustomer.org',289,1,'2006-02-14 22:04:37','2006-02-15 04:57:20'),(285,1,'MIRIAM','MCKINNEY','MIRIAM.MCKINNEY@sakilacustomer.org',290,1,'2006-02-14 22:04:37','2006-02-15 04:57:20'),(286,1,'VELMA','LUCAS','VELMA.LUCAS@sakilacustomer.org',291,1,'2006-02-14 22:04:37','2006-02-15 04:57:20'),(287,2,'BECKY','MILES','BECKY.MILES@sakilacustomer.org',292,1,'2006-02-14 22:04:37','2006-02-15 04:57:20'),(288,1,'BOBBIE','CRAIG','BOBBIE.CRAIG@sakilacustomer.org',293,1,'2006-02-14 22:04:37','2006-02-15 04:57:20'),(289,1,'VIOLET','RODRIQUEZ','VIOLET.RODRIQUEZ@sakilacustomer.org',294,1,'2006-02-14 22:04:37','2006-02-15 04:57:20'),(290,1,'KRISTINA','CHAMBERS','KRISTINA.CHAMBERS@sakilacustomer.org',295,1,'2006-02-14 22:04:37','2006-02-15 04:57:20'),(291,1,'TONI','HOLT','TONI.HOLT@sakilacustomer.org',296,1,'2006-02-14 22:04:37','2006-02-15 04:57:20'),(292,2,'MISTY','LAMBERT','MISTY.LAMBERT@sakilacustomer.org',297,1,'2006-02-14 22:04:37','2006-02-15 04:57:20'),(293,2,'MAE','FLETCHER','MAE.FLETCHER@sakilacustomer.org',298,1,'2006-02-14 22:04:37','2006-02-15 04:57:20'),(294,2,'SHELLY','WATTS','SHELLY.WATTS@sakilacustomer.org',299,1,'2006-02-14 22:04:37','2006-02-15 04:57:20'),(295,1,'DAISY','BATES','DAISY.BATES@sakilacustomer.org',300,1,'2006-02-14 22:04:37','2006-02-15 04:57:20'),(296,2,'RAMONA','HALE','RAMONA.HALE@sakilacustomer.org',301,1,'2006-02-14 22:04:37','2006-02-15 04:57:20'),(297,1,'SHERRI','RHODES','SHERRI.RHODES@sakilacustomer.org',302,1,'2006-02-14 22:04:37','2006-02-15 04:57:20'),(298,1,'ERIKA','PENA','ERIKA.PENA@sakilacustomer.org',303,1,'2006-02-14 22:04:37','2006-02-15 04:57:20'),(299,2,'JAMES','GANNON','JAMES.GANNON@sakilacustomer.org',304,1,'2006-02-14 22:04:37','2006-02-15 04:57:20'),(300,1,'JOHN','FARNSWORTH','JOHN.FARNSWORTH@sakilacustomer.org',305,1,'2006-02-14 22:04:37','2006-02-15 04:57:20'),(301,2,'ROBERT','BAUGHMAN','ROBERT.BAUGHMAN@sakilacustomer.org',306,1,'2006-02-14 22:04:37','2006-02-15 04:57:20'),(302,1,'MICHAEL','SILVERMAN','MICHAEL.SILVERMAN@sakilacustomer.org',307,1,'2006-02-14 22:04:37','2006-02-15 04:57:20'),(303,2,'WILLIAM','SATTERFIELD','WILLIAM.SATTERFIELD@sakilacustomer.org',308,1,'2006-02-14 22:04:37','2006-02-15 04:57:20'),(304,2,'DAVID','ROYAL','DAVID.ROYAL@sakilacustomer.org',309,1,'2006-02-14 22:04:37','2006-02-15 04:57:20'),(305,1,'RICHARD','MCCRARY','RICHARD.MCCRARY@sakilacustomer.org',310,1,'2006-02-14 22:04:37','2006-02-15 04:57:20'),(306,1,'CHARLES','KOWALSKI','CHARLES.KOWALSKI@sakilacustomer.org',311,1,'2006-02-14 22:04:37','2006-02-15 04:57:20'),(307,2,'JOSEPH','JOY','JOSEPH.JOY@sakilacustomer.org',312,1,'2006-02-14 22:04:37','2006-02-15 04:57:20'),(308,1,'THOMAS','GRIGSBY','THOMAS.GRIGSBY@sakilacustomer.org',313,1,'2006-02-14 22:04:37','2006-02-15 04:57:20'),(309,1,'CHRISTOPHER','GRECO','CHRISTOPHER.GRECO@sakilacustomer.org',314,1,'2006-02-14 22:04:37','2006-02-15 04:57:20'),(310,2,'DANIEL','CABRAL','DANIEL.CABRAL@sakilacustomer.org',315,1,'2006-02-14 22:04:37','2006-02-15 04:57:20'),(311,2,'PAUL','TROUT','PAUL.TROUT@sakilacustomer.org',316,1,'2006-02-14 22:04:37','2006-02-15 04:57:20'),(312,2,'MARK','RINEHART','MARK.RINEHART@sakilacustomer.org',317,1,'2006-02-14 22:04:37','2006-02-15 04:57:20'),(313,2,'DONALD','MAHON','DONALD.MAHON@sakilacustomer.org',318,1,'2006-02-14 22:04:37','2006-02-15 04:57:20'),(314,1,'GEORGE','LINTON','GEORGE.LINTON@sakilacustomer.org',319,1,'2006-02-14 22:04:37','2006-02-15 04:57:20'),(315,2,'KENNETH','GOODEN','KENNETH.GOODEN@sakilacustomer.org',320,0,'2006-02-14 22:04:37','2006-02-15 04:57:20'),(316,1,'STEVEN','CURLEY','STEVEN.CURLEY@sakilacustomer.org',321,1,'2006-02-14 22:04:37','2006-02-15 04:57:20'),(317,2,'EDWARD','BAUGH','EDWARD.BAUGH@sakilacustomer.org',322,1,'2006-02-14 22:04:37','2006-02-15 04:57:20'),(318,1,'BRIAN','WYMAN','BRIAN.WYMAN@sakilacustomer.org',323,1,'2006-02-14 22:04:37','2006-02-15 04:57:20'),(319,2,'RONALD','WEINER','RONALD.WEINER@sakilacustomer.org',324,1,'2006-02-14 22:04:37','2006-02-15 04:57:20'),(320,2,'ANTHONY','SCHWAB','ANTHONY.SCHWAB@sakilacustomer.org',325,1,'2006-02-14 22:04:37','2006-02-15 04:57:20'),(321,1,'KEVIN','SCHULER','KEVIN.SCHULER@sakilacustomer.org',326,1,'2006-02-14 22:04:37','2006-02-15 04:57:20'),(322,1,'JASON','MORRISSEY','JASON.MORRISSEY@sakilacustomer.org',327,1,'2006-02-14 22:04:37','2006-02-15 04:57:20'),(323,2,'MATTHEW','MAHAN','MATTHEW.MAHAN@sakilacustomer.org',328,1,'2006-02-14 22:04:37','2006-02-15 04:57:20'),(324,2,'GARY','COY','GARY.COY@sakilacustomer.org',329,1,'2006-02-14 22:04:37','2006-02-15 04:57:20'),(325,1,'TIMOTHY','BUNN','TIMOTHY.BUNN@sakilacustomer.org',330,1,'2006-02-14 22:04:37','2006-02-15 04:57:20'),(326,1,'JOSE','ANDREW','JOSE.ANDREW@sakilacustomer.org',331,1,'2006-02-14 22:04:37','2006-02-15 04:57:20'),(327,2,'LARRY','THRASHER','LARRY.THRASHER@sakilacustomer.org',332,1,'2006-02-14 22:04:37','2006-02-15 04:57:20'),(328,2,'JEFFREY','SPEAR','JEFFREY.SPEAR@sakilacustomer.org',333,1,'2006-02-14 22:04:37','2006-02-15 04:57:20'),(329,2,'FRANK','WAGGONER','FRANK.WAGGONER@sakilacustomer.org',334,1,'2006-02-14 22:04:37','2006-02-15 04:57:20'),(330,1,'SCOTT','SHELLEY','SCOTT.SHELLEY@sakilacustomer.org',335,1,'2006-02-14 22:04:37','2006-02-15 04:57:20'),(331,1,'ERIC','ROBERT','ERIC.ROBERT@sakilacustomer.org',336,1,'2006-02-14 22:04:37','2006-02-15 04:57:20'),(332,1,'STEPHEN','QUALLS','STEPHEN.QUALLS@sakilacustomer.org',337,1,'2006-02-14 22:04:37','2006-02-15 04:57:20'),(333,2,'ANDREW','PURDY','ANDREW.PURDY@sakilacustomer.org',338,1,'2006-02-14 22:04:37','2006-02-15 04:57:20'),(334,2,'RAYMOND','MCWHORTER','RAYMOND.MCWHORTER@sakilacustomer.org',339,1,'2006-02-14 22:04:37','2006-02-15 04:57:20'),(335,1,'GREGORY','MAULDIN','GREGORY.MAULDIN@sakilacustomer.org',340,1,'2006-02-14 22:04:37','2006-02-15 04:57:20'),(336,1,'JOSHUA','MARK','JOSHUA.MARK@sakilacustomer.org',341,1,'2006-02-14 22:04:37','2006-02-15 04:57:20'),(337,1,'JERRY','JORDON','JERRY.JORDON@sakilacustomer.org',342,1,'2006-02-14 22:04:37','2006-02-15 04:57:20'),(338,1,'DENNIS','GILMAN','DENNIS.GILMAN@sakilacustomer.org',343,1,'2006-02-14 22:04:37','2006-02-15 04:57:20'),(339,2,'WALTER','PERRYMAN','WALTER.PERRYMAN@sakilacustomer.org',344,1,'2006-02-14 22:04:37','2006-02-15 04:57:20'),(340,1,'PATRICK','NEWSOM','PATRICK.NEWSOM@sakilacustomer.org',345,1,'2006-02-14 22:04:37','2006-02-15 04:57:20'),(341,1,'PETER','MENARD','PETER.MENARD@sakilacustomer.org',346,1,'2006-02-14 22:04:37','2006-02-15 04:57:20'),(342,1,'HAROLD','MARTINO','HAROLD.MARTINO@sakilacustomer.org',347,1,'2006-02-14 22:04:37','2006-02-15 04:57:20'),(343,1,'DOUGLAS','GRAF','DOUGLAS.GRAF@sakilacustomer.org',348,1,'2006-02-14 22:04:37','2006-02-15 04:57:20'),(344,1,'HENRY','BILLINGSLEY','HENRY.BILLINGSLEY@sakilacustomer.org',349,1,'2006-02-14 22:04:37','2006-02-15 04:57:20'),(345,1,'CARL','ARTIS','CARL.ARTIS@sakilacustomer.org',350,1,'2006-02-14 22:04:37','2006-02-15 04:57:20'),(346,1,'ARTHUR','SIMPKINS','ARTHUR.SIMPKINS@sakilacustomer.org',351,1,'2006-02-14 22:04:37','2006-02-15 04:57:20'),(347,2,'RYAN','SALISBURY','RYAN.SALISBURY@sakilacustomer.org',352,1,'2006-02-14 22:04:37','2006-02-15 04:57:20'),(348,2,'ROGER','QUINTANILLA','ROGER.QUINTANILLA@sakilacustomer.org',353,1,'2006-02-14 22:04:37','2006-02-15 04:57:20'),(349,2,'JOE','GILLILAND','JOE.GILLILAND@sakilacustomer.org',354,1,'2006-02-14 22:04:37','2006-02-15 04:57:20'),(350,1,'JUAN','FRALEY','JUAN.FRALEY@sakilacustomer.org',355,1,'2006-02-14 22:04:37','2006-02-15 04:57:20'),(351,1,'JACK','FOUST','JACK.FOUST@sakilacustomer.org',356,1,'2006-02-14 22:04:37','2006-02-15 04:57:20'),(352,1,'ALBERT','CROUSE','ALBERT.CROUSE@sakilacustomer.org',357,1,'2006-02-14 22:04:37','2006-02-15 04:57:20'),(353,1,'JONATHAN','SCARBOROUGH','JONATHAN.SCARBOROUGH@sakilacustomer.org',358,1,'2006-02-14 22:04:37','2006-02-15 04:57:20'),(354,2,'JUSTIN','NGO','JUSTIN.NGO@sakilacustomer.org',359,1,'2006-02-14 22:04:37','2006-02-15 04:57:20'),(355,2,'TERRY','GRISSOM','TERRY.GRISSOM@sakilacustomer.org',360,1,'2006-02-14 22:04:37','2006-02-15 04:57:20'),(356,2,'GERALD','FULTZ','GERALD.FULTZ@sakilacustomer.org',361,1,'2006-02-14 22:04:37','2006-02-15 04:57:20'),(357,1,'KEITH','RICO','KEITH.RICO@sakilacustomer.org',362,1,'2006-02-14 22:04:37','2006-02-15 04:57:20'),(358,2,'SAMUEL','MARLOW','SAMUEL.MARLOW@sakilacustomer.org',363,1,'2006-02-14 22:04:37','2006-02-15 04:57:20'),(359,2,'WILLIE','MARKHAM','WILLIE.MARKHAM@sakilacustomer.org',364,1,'2006-02-14 22:04:37','2006-02-15 04:57:20'),(360,2,'RALPH','MADRIGAL','RALPH.MADRIGAL@sakilacustomer.org',365,1,'2006-02-14 22:04:37','2006-02-15 04:57:20'),(361,2,'LAWRENCE','LAWTON','LAWRENCE.LAWTON@sakilacustomer.org',366,1,'2006-02-14 22:04:37','2006-02-15 04:57:20'),(362,1,'NICHOLAS','BARFIELD','NICHOLAS.BARFIELD@sakilacustomer.org',367,1,'2006-02-14 22:04:37','2006-02-15 04:57:20'),(363,2,'ROY','WHITING','ROY.WHITING@sakilacustomer.org',368,1,'2006-02-14 22:04:37','2006-02-15 04:57:20'),(364,1,'BENJAMIN','VARNEY','BENJAMIN.VARNEY@sakilacustomer.org',369,1,'2006-02-14 22:04:37','2006-02-15 04:57:20'),(365,2,'BRUCE','SCHWARZ','BRUCE.SCHWARZ@sakilacustomer.org',370,1,'2006-02-14 22:04:37','2006-02-15 04:57:20'),(366,1,'BRANDON','HUEY','BRANDON.HUEY@sakilacustomer.org',371,1,'2006-02-14 22:04:37','2006-02-15 04:57:20'),(367,1,'ADAM','GOOCH','ADAM.GOOCH@sakilacustomer.org',372,1,'2006-02-14 22:04:37','2006-02-15 04:57:20'),(368,1,'HARRY','ARCE','HARRY.ARCE@sakilacustomer.org',373,0,'2006-02-14 22:04:37','2006-02-15 04:57:20'),(369,2,'FRED','WHEAT','FRED.WHEAT@sakilacustomer.org',374,1,'2006-02-14 22:04:37','2006-02-15 04:57:20'),(370,2,'WAYNE','TRUONG','WAYNE.TRUONG@sakilacustomer.org',375,1,'2006-02-14 22:04:37','2006-02-15 04:57:20'),(371,1,'BILLY','POULIN','BILLY.POULIN@sakilacustomer.org',376,1,'2006-02-14 22:04:37','2006-02-15 04:57:20'),(372,2,'STEVE','MACKENZIE','STEVE.MACKENZIE@sakilacustomer.org',377,1,'2006-02-14 22:04:37','2006-02-15 04:57:20'),(373,1,'LOUIS','LEONE','LOUIS.LEONE@sakilacustomer.org',378,1,'2006-02-14 22:04:37','2006-02-15 04:57:20'),(374,2,'JEREMY','HURTADO','JEREMY.HURTADO@sakilacustomer.org',379,1,'2006-02-14 22:04:37','2006-02-15 04:57:20'),(375,2,'AARON','SELBY','AARON.SELBY@sakilacustomer.org',380,1,'2006-02-14 22:04:37','2006-02-15 04:57:20'),(376,1,'RANDY','GAITHER','RANDY.GAITHER@sakilacustomer.org',381,1,'2006-02-14 22:04:37','2006-02-15 04:57:20'),(377,1,'HOWARD','FORTNER','HOWARD.FORTNER@sakilacustomer.org',382,1,'2006-02-14 22:04:37','2006-02-15 04:57:20'),(378,1,'EUGENE','CULPEPPER','EUGENE.CULPEPPER@sakilacustomer.org',383,1,'2006-02-14 22:04:37','2006-02-15 04:57:20'),(379,1,'CARLOS','COUGHLIN','CARLOS.COUGHLIN@sakilacustomer.org',384,1,'2006-02-14 22:04:37','2006-02-15 04:57:20'),(380,1,'RUSSELL','BRINSON','RUSSELL.BRINSON@sakilacustomer.org',385,1,'2006-02-14 22:04:37','2006-02-15 04:57:20'),(381,2,'BOBBY','BOUDREAU','BOBBY.BOUDREAU@sakilacustomer.org',386,1,'2006-02-14 22:04:37','2006-02-15 04:57:20'),(382,2,'VICTOR','BARKLEY','VICTOR.BARKLEY@sakilacustomer.org',387,1,'2006-02-14 22:04:37','2006-02-15 04:57:20'),(383,1,'MARTIN','BALES','MARTIN.BALES@sakilacustomer.org',388,1,'2006-02-14 22:04:37','2006-02-15 04:57:20'),(384,2,'ERNEST','STEPP','ERNEST.STEPP@sakilacustomer.org',389,1,'2006-02-14 22:04:37','2006-02-15 04:57:20'),(385,1,'PHILLIP','HOLM','PHILLIP.HOLM@sakilacustomer.org',390,1,'2006-02-14 22:04:37','2006-02-15 04:57:20'),(386,1,'TODD','TAN','TODD.TAN@sakilacustomer.org',391,1,'2006-02-14 22:04:37','2006-02-15 04:57:20'),(387,2,'JESSE','SCHILLING','JESSE.SCHILLING@sakilacustomer.org',392,1,'2006-02-14 22:04:37','2006-02-15 04:57:20'),(388,2,'CRAIG','MORRELL','CRAIG.MORRELL@sakilacustomer.org',393,1,'2006-02-14 22:04:37','2006-02-15 04:57:20'),(389,1,'ALAN','KAHN','ALAN.KAHN@sakilacustomer.org',394,1,'2006-02-14 22:04:37','2006-02-15 04:57:20'),(390,1,'SHAWN','HEATON','SHAWN.HEATON@sakilacustomer.org',395,1,'2006-02-14 22:04:37','2006-02-15 04:57:20'),(391,1,'CLARENCE','GAMEZ','CLARENCE.GAMEZ@sakilacustomer.org',396,1,'2006-02-14 22:04:37','2006-02-15 04:57:20'),(392,2,'SEAN','DOUGLASS','SEAN.DOUGLASS@sakilacustomer.org',397,1,'2006-02-14 22:04:37','2006-02-15 04:57:20'),(393,1,'PHILIP','CAUSEY','PHILIP.CAUSEY@sakilacustomer.org',398,1,'2006-02-14 22:04:37','2006-02-15 04:57:20'),(394,2,'CHRIS','BROTHERS','CHRIS.BROTHERS@sakilacustomer.org',399,1,'2006-02-14 22:04:37','2006-02-15 04:57:20'),(395,2,'JOHNNY','TURPIN','JOHNNY.TURPIN@sakilacustomer.org',400,1,'2006-02-14 22:04:37','2006-02-15 04:57:20'),(396,1,'EARL','SHANKS','EARL.SHANKS@sakilacustomer.org',401,1,'2006-02-14 22:04:37','2006-02-15 04:57:20'),(397,1,'JIMMY','SCHRADER','JIMMY.SCHRADER@sakilacustomer.org',402,1,'2006-02-14 22:04:37','2006-02-15 04:57:20'),(398,1,'ANTONIO','MEEK','ANTONIO.MEEK@sakilacustomer.org',403,1,'2006-02-14 22:04:37','2006-02-15 04:57:20'),(399,1,'DANNY','ISOM','DANNY.ISOM@sakilacustomer.org',404,1,'2006-02-14 22:04:37','2006-02-15 04:57:20'),(400,2,'BRYAN','HARDISON','BRYAN.HARDISON@sakilacustomer.org',405,1,'2006-02-14 22:04:37','2006-02-15 04:57:20'),(401,2,'TONY','CARRANZA','TONY.CARRANZA@sakilacustomer.org',406,1,'2006-02-14 22:04:37','2006-02-15 04:57:20'),(402,1,'LUIS','YANEZ','LUIS.YANEZ@sakilacustomer.org',407,1,'2006-02-14 22:04:37','2006-02-15 04:57:20'),(403,1,'MIKE','WAY','MIKE.WAY@sakilacustomer.org',408,1,'2006-02-14 22:04:37','2006-02-15 04:57:20'),(404,2,'STANLEY','SCROGGINS','STANLEY.SCROGGINS@sakilacustomer.org',409,1,'2006-02-14 22:04:37','2006-02-15 04:57:20'),(405,1,'LEONARD','SCHOFIELD','LEONARD.SCHOFIELD@sakilacustomer.org',410,1,'2006-02-14 22:04:37','2006-02-15 04:57:20'),(406,1,'NATHAN','RUNYON','NATHAN.RUNYON@sakilacustomer.org',411,0,'2006-02-14 22:04:37','2006-02-15 04:57:20'),(407,1,'DALE','RATCLIFF','DALE.RATCLIFF@sakilacustomer.org',412,1,'2006-02-14 22:04:37','2006-02-15 04:57:20'),(408,1,'MANUEL','MURRELL','MANUEL.MURRELL@sakilacustomer.org',413,1,'2006-02-14 22:04:37','2006-02-15 04:57:20'),(409,2,'RODNEY','MOELLER','RODNEY.MOELLER@sakilacustomer.org',414,1,'2006-02-14 22:04:37','2006-02-15 04:57:20'),(410,2,'CURTIS','IRBY','CURTIS.IRBY@sakilacustomer.org',415,1,'2006-02-14 22:04:37','2006-02-15 04:57:20'),(411,1,'NORMAN','CURRIER','NORMAN.CURRIER@sakilacustomer.org',416,1,'2006-02-14 22:04:37','2006-02-15 04:57:20'),(412,2,'ALLEN','BUTTERFIELD','ALLEN.BUTTERFIELD@sakilacustomer.org',417,1,'2006-02-14 22:04:37','2006-02-15 04:57:20'),(413,2,'MARVIN','YEE','MARVIN.YEE@sakilacustomer.org',418,1,'2006-02-14 22:04:37','2006-02-15 04:57:20'),(414,1,'VINCENT','RALSTON','VINCENT.RALSTON@sakilacustomer.org',419,1,'2006-02-14 22:04:37','2006-02-15 04:57:20'),(415,1,'GLENN','PULLEN','GLENN.PULLEN@sakilacustomer.org',420,1,'2006-02-14 22:04:37','2006-02-15 04:57:20'),(416,2,'JEFFERY','PINSON','JEFFERY.PINSON@sakilacustomer.org',421,1,'2006-02-14 22:04:37','2006-02-15 04:57:20'),(417,1,'TRAVIS','ESTEP','TRAVIS.ESTEP@sakilacustomer.org',422,1,'2006-02-14 22:04:37','2006-02-15 04:57:20'),(418,2,'JEFF','EAST','JEFF.EAST@sakilacustomer.org',423,1,'2006-02-14 22:04:37','2006-02-15 04:57:20'),(419,1,'CHAD','CARBONE','CHAD.CARBONE@sakilacustomer.org',424,1,'2006-02-14 22:04:37','2006-02-15 04:57:20'),(420,1,'JACOB','LANCE','JACOB.LANCE@sakilacustomer.org',425,1,'2006-02-14 22:04:37','2006-02-15 04:57:20'),(421,1,'LEE','HAWKS','LEE.HAWKS@sakilacustomer.org',426,1,'2006-02-14 22:04:37','2006-02-15 04:57:20'),(422,1,'MELVIN','ELLINGTON','MELVIN.ELLINGTON@sakilacustomer.org',427,1,'2006-02-14 22:04:37','2006-02-15 04:57:20'),(423,2,'ALFRED','CASILLAS','ALFRED.CASILLAS@sakilacustomer.org',428,1,'2006-02-14 22:04:37','2006-02-15 04:57:20'),(424,2,'KYLE','SPURLOCK','KYLE.SPURLOCK@sakilacustomer.org',429,1,'2006-02-14 22:04:37','2006-02-15 04:57:20'),(425,2,'FRANCIS','SIKES','FRANCIS.SIKES@sakilacustomer.org',430,1,'2006-02-14 22:04:37','2006-02-15 04:57:20'),(426,1,'BRADLEY','MOTLEY','BRADLEY.MOTLEY@sakilacustomer.org',431,1,'2006-02-14 22:04:37','2006-02-15 04:57:20'),(427,2,'JESUS','MCCARTNEY','JESUS.MCCARTNEY@sakilacustomer.org',432,1,'2006-02-14 22:04:37','2006-02-15 04:57:20'),(428,2,'HERBERT','KRUGER','HERBERT.KRUGER@sakilacustomer.org',433,1,'2006-02-14 22:04:37','2006-02-15 04:57:20'),(429,2,'FREDERICK','ISBELL','FREDERICK.ISBELL@sakilacustomer.org',434,1,'2006-02-14 22:04:37','2006-02-15 04:57:20'),(430,1,'RAY','HOULE','RAY.HOULE@sakilacustomer.org',435,1,'2006-02-14 22:04:37','2006-02-15 04:57:20'),(431,2,'JOEL','FRANCISCO','JOEL.FRANCISCO@sakilacustomer.org',436,1,'2006-02-14 22:04:37','2006-02-15 04:57:20'),(432,1,'EDWIN','BURK','EDWIN.BURK@sakilacustomer.org',437,1,'2006-02-14 22:04:37','2006-02-15 04:57:20'),(433,1,'DON','BONE','DON.BONE@sakilacustomer.org',438,1,'2006-02-14 22:04:37','2006-02-15 04:57:20'),(434,1,'EDDIE','TOMLIN','EDDIE.TOMLIN@sakilacustomer.org',439,1,'2006-02-14 22:04:37','2006-02-15 04:57:20'),(435,2,'RICKY','SHELBY','RICKY.SHELBY@sakilacustomer.org',440,1,'2006-02-14 22:04:37','2006-02-15 04:57:20'),(436,1,'TROY','QUIGLEY','TROY.QUIGLEY@sakilacustomer.org',441,1,'2006-02-14 22:04:37','2006-02-15 04:57:20'),(437,2,'RANDALL','NEUMANN','RANDALL.NEUMANN@sakilacustomer.org',442,1,'2006-02-14 22:04:37','2006-02-15 04:57:20'),(438,1,'BARRY','LOVELACE','BARRY.LOVELACE@sakilacustomer.org',443,1,'2006-02-14 22:04:37','2006-02-15 04:57:20'),(439,2,'ALEXANDER','FENNELL','ALEXANDER.FENNELL@sakilacustomer.org',444,1,'2006-02-14 22:04:37','2006-02-15 04:57:20'),(440,1,'BERNARD','COLBY','BERNARD.COLBY@sakilacustomer.org',445,1,'2006-02-14 22:04:37','2006-02-15 04:57:20'),(441,1,'MARIO','CHEATHAM','MARIO.CHEATHAM@sakilacustomer.org',446,1,'2006-02-14 22:04:37','2006-02-15 04:57:20'),(442,1,'LEROY','BUSTAMANTE','LEROY.BUSTAMANTE@sakilacustomer.org',447,1,'2006-02-14 22:04:37','2006-02-15 04:57:20'),(443,2,'FRANCISCO','SKIDMORE','FRANCISCO.SKIDMORE@sakilacustomer.org',448,1,'2006-02-14 22:04:37','2006-02-15 04:57:20'),(444,2,'MARCUS','HIDALGO','MARCUS.HIDALGO@sakilacustomer.org',449,1,'2006-02-14 22:04:37','2006-02-15 04:57:20'),(445,1,'MICHEAL','FORMAN','MICHEAL.FORMAN@sakilacustomer.org',450,1,'2006-02-14 22:04:37','2006-02-15 04:57:20'),(446,2,'THEODORE','CULP','THEODORE.CULP@sakilacustomer.org',451,0,'2006-02-14 22:04:37','2006-02-15 04:57:20'),(447,1,'CLIFFORD','BOWENS','CLIFFORD.BOWENS@sakilacustomer.org',452,1,'2006-02-14 22:04:37','2006-02-15 04:57:20'),(448,1,'MIGUEL','BETANCOURT','MIGUEL.BETANCOURT@sakilacustomer.org',453,1,'2006-02-14 22:04:37','2006-02-15 04:57:20'),(449,2,'OSCAR','AQUINO','OSCAR.AQUINO@sakilacustomer.org',454,1,'2006-02-14 22:04:37','2006-02-15 04:57:20'),(450,1,'JAY','ROBB','JAY.ROBB@sakilacustomer.org',455,1,'2006-02-14 22:04:37','2006-02-15 04:57:20'),(451,1,'JIM','REA','JIM.REA@sakilacustomer.org',456,1,'2006-02-14 22:04:37','2006-02-15 04:57:20'),(452,1,'TOM','MILNER','TOM.MILNER@sakilacustomer.org',457,1,'2006-02-14 22:04:37','2006-02-15 04:57:20'),(453,1,'CALVIN','MARTEL','CALVIN.MARTEL@sakilacustomer.org',458,1,'2006-02-14 22:04:37','2006-02-15 04:57:20'),(454,2,'ALEX','GRESHAM','ALEX.GRESHAM@sakilacustomer.org',459,1,'2006-02-14 22:04:37','2006-02-15 04:57:20'),(455,2,'JON','WILES','JON.WILES@sakilacustomer.org',460,1,'2006-02-14 22:04:37','2006-02-15 04:57:20'),(456,2,'RONNIE','RICKETTS','RONNIE.RICKETTS@sakilacustomer.org',461,1,'2006-02-14 22:04:37','2006-02-15 04:57:20'),(457,2,'BILL','GAVIN','BILL.GAVIN@sakilacustomer.org',462,1,'2006-02-14 22:04:37','2006-02-15 04:57:20'),(458,1,'LLOYD','DOWD','LLOYD.DOWD@sakilacustomer.org',463,1,'2006-02-14 22:04:37','2006-02-15 04:57:20'),(459,1,'TOMMY','COLLAZO','TOMMY.COLLAZO@sakilacustomer.org',464,1,'2006-02-14 22:04:37','2006-02-15 04:57:20'),(460,1,'LEON','BOSTIC','LEON.BOSTIC@sakilacustomer.org',465,1,'2006-02-14 22:04:37','2006-02-15 04:57:20'),(461,1,'DEREK','BLAKELY','DEREK.BLAKELY@sakilacustomer.org',466,1,'2006-02-14 22:04:37','2006-02-15 04:57:20'),(462,2,'WARREN','SHERROD','WARREN.SHERROD@sakilacustomer.org',467,1,'2006-02-14 22:04:37','2006-02-15 04:57:20'),(463,2,'DARRELL','POWER','DARRELL.POWER@sakilacustomer.org',468,1,'2006-02-14 22:04:37','2006-02-15 04:57:20'),(464,1,'JEROME','KENYON','JEROME.KENYON@sakilacustomer.org',469,1,'2006-02-14 22:04:37','2006-02-15 04:57:20'),(465,1,'FLOYD','GANDY','FLOYD.GANDY@sakilacustomer.org',470,1,'2006-02-14 22:04:37','2006-02-15 04:57:20'),(466,1,'LEO','EBERT','LEO.EBERT@sakilacustomer.org',471,1,'2006-02-14 22:04:37','2006-02-15 04:57:20'),(467,2,'ALVIN','DELOACH','ALVIN.DELOACH@sakilacustomer.org',472,1,'2006-02-14 22:04:37','2006-02-15 04:57:20'),(468,1,'TIM','CARY','TIM.CARY@sakilacustomer.org',473,1,'2006-02-14 22:04:37','2006-02-15 04:57:20'),(469,2,'WESLEY','BULL','WESLEY.BULL@sakilacustomer.org',474,1,'2006-02-14 22:04:37','2006-02-15 04:57:20'),(470,1,'GORDON','ALLARD','GORDON.ALLARD@sakilacustomer.org',475,1,'2006-02-14 22:04:37','2006-02-15 04:57:20'),(471,1,'DEAN','SAUER','DEAN.SAUER@sakilacustomer.org',476,1,'2006-02-14 22:04:37','2006-02-15 04:57:20'),(472,1,'GREG','ROBINS','GREG.ROBINS@sakilacustomer.org',477,1,'2006-02-14 22:04:37','2006-02-15 04:57:20'),(473,2,'JORGE','OLIVARES','JORGE.OLIVARES@sakilacustomer.org',478,1,'2006-02-14 22:04:37','2006-02-15 04:57:20'),(474,2,'DUSTIN','GILLETTE','DUSTIN.GILLETTE@sakilacustomer.org',479,1,'2006-02-14 22:04:37','2006-02-15 04:57:20'),(475,2,'PEDRO','CHESTNUT','PEDRO.CHESTNUT@sakilacustomer.org',480,1,'2006-02-14 22:04:37','2006-02-15 04:57:20'),(476,1,'DERRICK','BOURQUE','DERRICK.BOURQUE@sakilacustomer.org',481,1,'2006-02-14 22:04:37','2006-02-15 04:57:20'),(477,1,'DAN','PAINE','DAN.PAINE@sakilacustomer.org',482,1,'2006-02-14 22:04:37','2006-02-15 04:57:20'),(478,1,'LEWIS','LYMAN','LEWIS.LYMAN@sakilacustomer.org',483,1,'2006-02-14 22:04:37','2006-02-15 04:57:20'),(479,1,'ZACHARY','HITE','ZACHARY.HITE@sakilacustomer.org',484,1,'2006-02-14 22:04:37','2006-02-15 04:57:20'),(480,1,'COREY','HAUSER','COREY.HAUSER@sakilacustomer.org',485,1,'2006-02-14 22:04:37','2006-02-15 04:57:20'),(481,1,'HERMAN','DEVORE','HERMAN.DEVORE@sakilacustomer.org',486,1,'2006-02-14 22:04:37','2006-02-15 04:57:20'),(482,1,'MAURICE','CRAWLEY','MAURICE.CRAWLEY@sakilacustomer.org',487,0,'2006-02-14 22:04:37','2006-02-15 04:57:20'),(483,2,'VERNON','CHAPA','VERNON.CHAPA@sakilacustomer.org',488,1,'2006-02-14 22:04:37','2006-02-15 04:57:20'),(484,1,'ROBERTO','VU','ROBERTO.VU@sakilacustomer.org',489,1,'2006-02-14 22:04:37','2006-02-15 04:57:20'),(485,1,'CLYDE','TOBIAS','CLYDE.TOBIAS@sakilacustomer.org',490,1,'2006-02-14 22:04:37','2006-02-15 04:57:20'),(486,1,'GLEN','TALBERT','GLEN.TALBERT@sakilacustomer.org',491,1,'2006-02-14 22:04:37','2006-02-15 04:57:20'),(487,2,'HECTOR','POINDEXTER','HECTOR.POINDEXTER@sakilacustomer.org',492,1,'2006-02-14 22:04:37','2006-02-15 04:57:20'),(488,2,'SHANE','MILLARD','SHANE.MILLARD@sakilacustomer.org',493,1,'2006-02-14 22:04:37','2006-02-15 04:57:20'),(489,1,'RICARDO','MEADOR','RICARDO.MEADOR@sakilacustomer.org',494,1,'2006-02-14 22:04:37','2006-02-15 04:57:20'),(490,1,'SAM','MCDUFFIE','SAM.MCDUFFIE@sakilacustomer.org',495,1,'2006-02-14 22:04:37','2006-02-15 04:57:20'),(491,2,'RICK','MATTOX','RICK.MATTOX@sakilacustomer.org',496,1,'2006-02-14 22:04:37','2006-02-15 04:57:20'),(492,2,'LESTER','KRAUS','LESTER.KRAUS@sakilacustomer.org',497,1,'2006-02-14 22:04:37','2006-02-15 04:57:20'),(493,1,'BRENT','HARKINS','BRENT.HARKINS@sakilacustomer.org',498,1,'2006-02-14 22:04:37','2006-02-15 04:57:20'),(494,2,'RAMON','CHOATE','RAMON.CHOATE@sakilacustomer.org',499,1,'2006-02-14 22:04:37','2006-02-15 04:57:20'),(495,2,'CHARLIE','BESS','CHARLIE.BESS@sakilacustomer.org',500,1,'2006-02-14 22:04:37','2006-02-15 04:57:20'),(496,2,'TYLER','WREN','TYLER.WREN@sakilacustomer.org',501,1,'2006-02-14 22:04:37','2006-02-15 04:57:20'),(497,2,'GILBERT','SLEDGE','GILBERT.SLEDGE@sakilacustomer.org',502,1,'2006-02-14 22:04:37','2006-02-15 04:57:20'),(498,1,'GENE','SANBORN','GENE.SANBORN@sakilacustomer.org',503,1,'2006-02-14 22:04:37','2006-02-15 04:57:20'),(499,2,'MARC','OUTLAW','MARC.OUTLAW@sakilacustomer.org',504,1,'2006-02-14 22:04:37','2006-02-15 04:57:20'),(500,1,'REGINALD','KINDER','REGINALD.KINDER@sakilacustomer.org',505,1,'2006-02-14 22:04:37','2006-02-15 04:57:20'),(501,1,'RUBEN','GEARY','RUBEN.GEARY@sakilacustomer.org',506,1,'2006-02-14 22:04:37','2006-02-15 04:57:20'),(502,1,'BRETT','CORNWELL','BRETT.CORNWELL@sakilacustomer.org',507,1,'2006-02-14 22:04:37','2006-02-15 04:57:20'),(503,1,'ANGEL','BARCLAY','ANGEL.BARCLAY@sakilacustomer.org',508,1,'2006-02-14 22:04:37','2006-02-15 04:57:20'),(504,1,'NATHANIEL','ADAM','NATHANIEL.ADAM@sakilacustomer.org',509,1,'2006-02-14 22:04:37','2006-02-15 04:57:20'),(505,1,'RAFAEL','ABNEY','RAFAEL.ABNEY@sakilacustomer.org',510,1,'2006-02-14 22:04:37','2006-02-15 04:57:20'),(506,2,'LESLIE','SEWARD','LESLIE.SEWARD@sakilacustomer.org',511,1,'2006-02-14 22:04:37','2006-02-15 04:57:20'),(507,2,'EDGAR','RHOADS','EDGAR.RHOADS@sakilacustomer.org',512,1,'2006-02-14 22:04:37','2006-02-15 04:57:20'),(508,2,'MILTON','HOWLAND','MILTON.HOWLAND@sakilacustomer.org',513,1,'2006-02-14 22:04:37','2006-02-15 04:57:20'),(509,1,'RAUL','FORTIER','RAUL.FORTIER@sakilacustomer.org',514,1,'2006-02-14 22:04:37','2006-02-15 04:57:20'),(510,2,'BEN','EASTER','BEN.EASTER@sakilacustomer.org',515,0,'2006-02-14 22:04:37','2006-02-15 04:57:20'),(511,1,'CHESTER','BENNER','CHESTER.BENNER@sakilacustomer.org',516,1,'2006-02-14 22:04:37','2006-02-15 04:57:20'),(512,1,'CECIL','VINES','CECIL.VINES@sakilacustomer.org',517,1,'2006-02-14 22:04:37','2006-02-15 04:57:20'),(513,2,'DUANE','TUBBS','DUANE.TUBBS@sakilacustomer.org',519,1,'2006-02-14 22:04:37','2006-02-15 04:57:20'),(514,2,'FRANKLIN','TROUTMAN','FRANKLIN.TROUTMAN@sakilacustomer.org',520,1,'2006-02-14 22:04:37','2006-02-15 04:57:20'),(515,1,'ANDRE','RAPP','ANDRE.RAPP@sakilacustomer.org',521,1,'2006-02-14 22:04:37','2006-02-15 04:57:20'),(516,2,'ELMER','NOE','ELMER.NOE@sakilacustomer.org',522,1,'2006-02-14 22:04:37','2006-02-15 04:57:20'),(517,2,'BRAD','MCCURDY','BRAD.MCCURDY@sakilacustomer.org',523,1,'2006-02-14 22:04:37','2006-02-15 04:57:20'),(518,1,'GABRIEL','HARDER','GABRIEL.HARDER@sakilacustomer.org',524,1,'2006-02-14 22:04:37','2006-02-15 04:57:20'),(519,2,'RON','DELUCA','RON.DELUCA@sakilacustomer.org',525,1,'2006-02-14 22:04:37','2006-02-15 04:57:20'),(520,2,'MITCHELL','WESTMORELAND','MITCHELL.WESTMORELAND@sakilacustomer.org',526,1,'2006-02-14 22:04:37','2006-02-15 04:57:20'),(521,2,'ROLAND','SOUTH','ROLAND.SOUTH@sakilacustomer.org',527,1,'2006-02-14 22:04:37','2006-02-15 04:57:20'),(522,2,'ARNOLD','HAVENS','ARNOLD.HAVENS@sakilacustomer.org',528,1,'2006-02-14 22:04:37','2006-02-15 04:57:20'),(523,1,'HARVEY','GUAJARDO','HARVEY.GUAJARDO@sakilacustomer.org',529,1,'2006-02-14 22:04:37','2006-02-15 04:57:20'),(524,1,'JARED','ELY','JARED.ELY@sakilacustomer.org',530,1,'2006-02-14 22:04:37','2006-02-15 04:57:20'),(525,2,'ADRIAN','CLARY','ADRIAN.CLARY@sakilacustomer.org',531,1,'2006-02-14 22:04:37','2006-02-15 04:57:20'),(526,2,'KARL','SEAL','KARL.SEAL@sakilacustomer.org',532,1,'2006-02-14 22:04:37','2006-02-15 04:57:20'),(527,1,'CORY','MEEHAN','CORY.MEEHAN@sakilacustomer.org',533,1,'2006-02-14 22:04:37','2006-02-15 04:57:20'),(528,1,'CLAUDE','HERZOG','CLAUDE.HERZOG@sakilacustomer.org',534,1,'2006-02-14 22:04:37','2006-02-15 04:57:20'),(529,2,'ERIK','GUILLEN','ERIK.GUILLEN@sakilacustomer.org',535,1,'2006-02-14 22:04:37','2006-02-15 04:57:20'),(530,2,'DARRYL','ASHCRAFT','DARRYL.ASHCRAFT@sakilacustomer.org',536,1,'2006-02-14 22:04:37','2006-02-15 04:57:20'),(531,2,'JAMIE','WAUGH','JAMIE.WAUGH@sakilacustomer.org',537,1,'2006-02-14 22:04:37','2006-02-15 04:57:20'),(532,2,'NEIL','RENNER','NEIL.RENNER@sakilacustomer.org',538,1,'2006-02-14 22:04:37','2006-02-15 04:57:20'),(533,1,'JESSIE','MILAM','JESSIE.MILAM@sakilacustomer.org',539,1,'2006-02-14 22:04:37','2006-02-15 04:57:20'),(534,1,'CHRISTIAN','JUNG','CHRISTIAN.JUNG@sakilacustomer.org',540,0,'2006-02-14 22:04:37','2006-02-15 04:57:20'),(535,1,'JAVIER','ELROD','JAVIER.ELROD@sakilacustomer.org',541,1,'2006-02-14 22:04:37','2006-02-15 04:57:20'),(536,2,'FERNANDO','CHURCHILL','FERNANDO.CHURCHILL@sakilacustomer.org',542,1,'2006-02-14 22:04:37','2006-02-15 04:57:20'),(537,2,'CLINTON','BUFORD','CLINTON.BUFORD@sakilacustomer.org',543,1,'2006-02-14 22:04:37','2006-02-15 04:57:20'),(538,2,'TED','BREAUX','TED.BREAUX@sakilacustomer.org',544,1,'2006-02-14 22:04:37','2006-02-15 04:57:20'),(539,1,'MATHEW','BOLIN','MATHEW.BOLIN@sakilacustomer.org',545,1,'2006-02-14 22:04:37','2006-02-15 04:57:20'),(540,1,'TYRONE','ASHER','TYRONE.ASHER@sakilacustomer.org',546,1,'2006-02-14 22:04:37','2006-02-15 04:57:20'),(541,2,'DARREN','WINDHAM','DARREN.WINDHAM@sakilacustomer.org',547,1,'2006-02-14 22:04:37','2006-02-15 04:57:20'),(542,2,'LONNIE','TIRADO','LONNIE.TIRADO@sakilacustomer.org',548,1,'2006-02-14 22:04:37','2006-02-15 04:57:20'),(543,1,'LANCE','PEMBERTON','LANCE.PEMBERTON@sakilacustomer.org',549,1,'2006-02-14 22:04:37','2006-02-15 04:57:20'),(544,2,'CODY','NOLEN','CODY.NOLEN@sakilacustomer.org',550,1,'2006-02-14 22:04:37','2006-02-15 04:57:20'),(545,2,'JULIO','NOLAND','JULIO.NOLAND@sakilacustomer.org',551,1,'2006-02-14 22:04:37','2006-02-15 04:57:20'),(546,1,'KELLY','KNOTT','KELLY.KNOTT@sakilacustomer.org',552,1,'2006-02-14 22:04:37','2006-02-15 04:57:20'),(547,1,'KURT','EMMONS','KURT.EMMONS@sakilacustomer.org',553,1,'2006-02-14 22:04:37','2006-02-15 04:57:20'),(548,1,'ALLAN','CORNISH','ALLAN.CORNISH@sakilacustomer.org',554,1,'2006-02-14 22:04:37','2006-02-15 04:57:20'),(549,1,'NELSON','CHRISTENSON','NELSON.CHRISTENSON@sakilacustomer.org',555,1,'2006-02-14 22:04:37','2006-02-15 04:57:20'),(550,2,'GUY','BROWNLEE','GUY.BROWNLEE@sakilacustomer.org',556,1,'2006-02-14 22:04:37','2006-02-15 04:57:20'),(551,2,'CLAYTON','BARBEE','CLAYTON.BARBEE@sakilacustomer.org',557,1,'2006-02-14 22:04:37','2006-02-15 04:57:20'),(552,2,'HUGH','WALDROP','HUGH.WALDROP@sakilacustomer.org',558,1,'2006-02-14 22:04:37','2006-02-15 04:57:20'),(553,1,'MAX','PITT','MAX.PITT@sakilacustomer.org',559,1,'2006-02-14 22:04:37','2006-02-15 04:57:20'),(554,1,'DWAYNE','OLVERA','DWAYNE.OLVERA@sakilacustomer.org',560,1,'2006-02-14 22:04:37','2006-02-15 04:57:20'),(555,1,'DWIGHT','LOMBARDI','DWIGHT.LOMBARDI@sakilacustomer.org',561,1,'2006-02-14 22:04:37','2006-02-15 04:57:20'),(556,2,'ARMANDO','GRUBER','ARMANDO.GRUBER@sakilacustomer.org',562,1,'2006-02-14 22:04:37','2006-02-15 04:57:20'),(557,1,'FELIX','GAFFNEY','FELIX.GAFFNEY@sakilacustomer.org',563,1,'2006-02-14 22:04:37','2006-02-15 04:57:20'),(558,1,'JIMMIE','EGGLESTON','JIMMIE.EGGLESTON@sakilacustomer.org',564,0,'2006-02-14 22:04:37','2006-02-15 04:57:20'),(559,2,'EVERETT','BANDA','EVERETT.BANDA@sakilacustomer.org',565,1,'2006-02-14 22:04:37','2006-02-15 04:57:20'),(560,1,'JORDAN','ARCHULETA','JORDAN.ARCHULETA@sakilacustomer.org',566,1,'2006-02-14 22:04:37','2006-02-15 04:57:20'),(561,2,'IAN','STILL','IAN.STILL@sakilacustomer.org',567,1,'2006-02-14 22:04:37','2006-02-15 04:57:20'),(562,1,'WALLACE','SLONE','WALLACE.SLONE@sakilacustomer.org',568,1,'2006-02-14 22:04:37','2006-02-15 04:57:20'),(563,2,'KEN','PREWITT','KEN.PREWITT@sakilacustomer.org',569,1,'2006-02-14 22:04:37','2006-02-15 04:57:20'),(564,2,'BOB','PFEIFFER','BOB.PFEIFFER@sakilacustomer.org',570,1,'2006-02-14 22:04:37','2006-02-15 04:57:20'),(565,2,'JAIME','NETTLES','JAIME.NETTLES@sakilacustomer.org',571,1,'2006-02-14 22:04:37','2006-02-15 04:57:20'),(566,1,'CASEY','MENA','CASEY.MENA@sakilacustomer.org',572,1,'2006-02-14 22:04:37','2006-02-15 04:57:20'),(567,2,'ALFREDO','MCADAMS','ALFREDO.MCADAMS@sakilacustomer.org',573,1,'2006-02-14 22:04:37','2006-02-15 04:57:20'),(568,2,'ALBERTO','HENNING','ALBERTO.HENNING@sakilacustomer.org',574,1,'2006-02-14 22:04:37','2006-02-15 04:57:20'),(569,2,'DAVE','GARDINER','DAVE.GARDINER@sakilacustomer.org',575,1,'2006-02-14 22:04:37','2006-02-15 04:57:20'),(570,2,'IVAN','CROMWELL','IVAN.CROMWELL@sakilacustomer.org',576,1,'2006-02-14 22:04:37','2006-02-15 04:57:20'),(571,2,'JOHNNIE','CHISHOLM','JOHNNIE.CHISHOLM@sakilacustomer.org',577,1,'2006-02-14 22:04:37','2006-02-15 04:57:20'),(572,1,'SIDNEY','BURLESON','SIDNEY.BURLESON@sakilacustomer.org',578,1,'2006-02-14 22:04:37','2006-02-15 04:57:20'),(573,1,'BYRON','BOX','BYRON.BOX@sakilacustomer.org',579,1,'2006-02-14 22:04:37','2006-02-15 04:57:20'),(574,2,'JULIAN','VEST','JULIAN.VEST@sakilacustomer.org',580,1,'2006-02-14 22:04:37','2006-02-15 04:57:20'),(575,2,'ISAAC','OGLESBY','ISAAC.OGLESBY@sakilacustomer.org',581,1,'2006-02-14 22:04:37','2006-02-15 04:57:20'),(576,2,'MORRIS','MCCARTER','MORRIS.MCCARTER@sakilacustomer.org',582,1,'2006-02-14 22:04:37','2006-02-15 04:57:20'),(577,2,'CLIFTON','MALCOLM','CLIFTON.MALCOLM@sakilacustomer.org',583,1,'2006-02-14 22:04:37','2006-02-15 04:57:20'),(578,2,'WILLARD','LUMPKIN','WILLARD.LUMPKIN@sakilacustomer.org',584,1,'2006-02-14 22:04:37','2006-02-15 04:57:20'),(579,2,'DARYL','LARUE','DARYL.LARUE@sakilacustomer.org',585,1,'2006-02-14 22:04:37','2006-02-15 04:57:20'),(580,1,'ROSS','GREY','ROSS.GREY@sakilacustomer.org',586,1,'2006-02-14 22:04:37','2006-02-15 04:57:20'),(581,1,'VIRGIL','WOFFORD','VIRGIL.WOFFORD@sakilacustomer.org',587,1,'2006-02-14 22:04:37','2006-02-15 04:57:20'),(582,2,'ANDY','VANHORN','ANDY.VANHORN@sakilacustomer.org',588,1,'2006-02-14 22:04:37','2006-02-15 04:57:20'),(583,1,'MARSHALL','THORN','MARSHALL.THORN@sakilacustomer.org',589,1,'2006-02-14 22:04:37','2006-02-15 04:57:20'),(584,2,'SALVADOR','TEEL','SALVADOR.TEEL@sakilacustomer.org',590,1,'2006-02-14 22:04:37','2006-02-15 04:57:20'),(585,1,'PERRY','SWAFFORD','PERRY.SWAFFORD@sakilacustomer.org',591,1,'2006-02-14 22:04:37','2006-02-15 04:57:20'),(586,1,'KIRK','STCLAIR','KIRK.STCLAIR@sakilacustomer.org',592,1,'2006-02-14 22:04:37','2006-02-15 04:57:20'),(587,1,'SERGIO','STANFIELD','SERGIO.STANFIELD@sakilacustomer.org',593,1,'2006-02-14 22:04:37','2006-02-15 04:57:20'),(588,1,'MARION','OCAMPO','MARION.OCAMPO@sakilacustomer.org',594,1,'2006-02-14 22:04:37','2006-02-15 04:57:20'),(589,1,'TRACY','HERRMANN','TRACY.HERRMANN@sakilacustomer.org',595,1,'2006-02-14 22:04:37','2006-02-15 04:57:20'),(590,2,'SETH','HANNON','SETH.HANNON@sakilacustomer.org',596,1,'2006-02-14 22:04:37','2006-02-15 04:57:20'),(591,1,'KENT','ARSENAULT','KENT.ARSENAULT@sakilacustomer.org',597,1,'2006-02-14 22:04:37','2006-02-15 04:57:20'),(592,1,'TERRANCE','ROUSH','TERRANCE.ROUSH@sakilacustomer.org',598,0,'2006-02-14 22:04:37','2006-02-15 04:57:20'),(593,2,'RENE','MCALISTER','RENE.MCALISTER@sakilacustomer.org',599,1,'2006-02-14 22:04:37','2006-02-15 04:57:20'),(594,1,'EDUARDO','HIATT','EDUARDO.HIATT@sakilacustomer.org',600,1,'2006-02-14 22:04:37','2006-02-15 04:57:20'),(595,1,'TERRENCE','GUNDERSON','TERRENCE.GUNDERSON@sakilacustomer.org',601,1,'2006-02-14 22:04:37','2006-02-15 04:57:20'),(596,1,'ENRIQUE','FORSYTHE','ENRIQUE.FORSYTHE@sakilacustomer.org',602,1,'2006-02-14 22:04:37','2006-02-15 04:57:20'),(597,1,'FREDDIE','DUGGAN','FREDDIE.DUGGAN@sakilacustomer.org',603,1,'2006-02-14 22:04:37','2006-02-15 04:57:20'),(598,1,'WADE','DELVALLE','WADE.DELVALLE@sakilacustomer.org',604,1,'2006-02-14 22:04:37','2006-02-15 04:57:20'),(599,2,'AUSTIN','CINTRON','AUSTIN.CINTRON@sakilacustomer.org',605,1,'2006-02-14 22:04:37','2006-02-15 04:57:20');

/*Table structure for table `cuit` */

DROP TABLE IF EXISTS `cuit`;

CREATE TABLE `cuit` (
  `id` bigint(10) NOT NULL AUTO_INCREMENT,
  `cuit` varchar(20) DEFAULT NULL,
  PRIMARY KEY (`id`)
) ENGINE=InnoDB AUTO_INCREMENT=409 DEFAULT CHARSET=utf8;

/*Data for the table `cuit` */

insert  into `cuit`(`id`,`cuit`) values (1,'20070861861'),(2,'20113902672'),(3,'20142323312'),(4,'20256474752'),(5,'20043595718'),(6,'20214475112'),(7,'20077841890'),(8,'27036302270'),(9,'20045270263'),(10,'27102630705'),(11,'27044714731'),(12,'27136250200'),(13,'27052657011'),(14,'20932980097'),(15,'20203234121'),(16,'20120581741'),(17,'20178011708'),(18,'20214864046'),(19,'30707424350'),(20,'27130718332'),(21,'20064768051'),(22,'20042452662'),(23,'20076126632'),(24,'20110767642'),(25,'24040625204'),(26,'20075932872'),(27,'30520279454'),(28,'27110260100'),(29,'20136559622'),(30,'20935101787'),(31,'20141514149'),(32,'20119606161'),(33,'20044299721'),(34,'20118247281'),(35,'20228588882'),(36,'20084744590'),(37,'20101765769'),(38,'30629317151'),(39,'27933725621'),(40,'20041490226'),(41,'20045372562'),(42,'20108973189'),(43,'27064962871'),(44,'20041925222'),(45,'20047035121'),(46,'20131581271'),(47,'20103861382'),(48,'20045791271'),(49,'20077345230'),(50,'20120864492'),(51,'20065093481'),(52,'20077635522'),(53,'20120825225'),(54,'20050153461'),(55,'27062540848'),(56,'20119604010'),(57,'27059381186'),(58,'20055381802'),(59,'20180328360'),(60,'20043138392'),(61,'20128170570'),(62,'20252518011'),(63,'27120812950'),(64,'20200169752'),(65,'27039798935'),(66,'27060755782'),(67,'30608323860'),(68,'27143949457'),(69,'20075970820'),(70,'20085025032'),(71,'20052220131'),(72,'20110765682'),(73,'20041890941'),(74,'27127145372'),(75,'20043253744'),(76,'20129767872'),(77,'20043879872'),(78,'27039198571'),(79,'20084323412'),(80,'27057748740'),(81,'20085028791'),(82,'27135736592'),(83,'20103998477'),(84,'27113568521'),(85,'20167659072'),(86,'20253614790'),(87,'27046700681'),(88,'20042696510'),(89,'20076724211'),(90,'20043194861'),(91,'20185345972'),(92,'20104232451'),(93,'20144335490'),(94,'27047901982'),(95,'20114083020'),(96,'27067192759'),(97,'27116130942'),(98,'27182668902'),(99,'33679070059'),(100,'27044056211'),(101,'27016634250'),(102,'27052483692'),(103,'20048735461'),(104,'27135314876'),(105,'27127914562'),(106,'20083897326'),(107,'27252518830'),(108,'23255676199'),(109,'20103065381'),(110,'20109246701'),(111,'20171255830'),(112,'27047605151'),(113,'20108100045'),(114,'27280815395'),(115,'20084794830'),(116,'30591891142'),(117,'30520175861'),(118,'27046786691'),(119,'20131039132'),(120,'23044905469'),(121,'20081044571'),(122,'27102657492'),(123,'20140137422'),(124,'30661650482'),(125,'30681526400'),(126,'27123170151'),(127,'20064940342'),(128,'20078234920'),(129,'20178968611'),(130,'20043966961'),(131,'20077599372'),(132,'27054445267'),(133,'27173338320'),(134,'20046953402'),(135,'20217306745'),(136,'27100797963'),(137,'27067116300'),(138,'27054976300'),(139,'20200054491'),(140,'27060667093'),(141,'27047526901'),(142,'20103693471'),(143,'30533657830'),(144,'20082431552'),(145,'27148222881'),(146,'20045836321'),(147,'20145474060'),(148,'27062897215'),(149,'20142174821'),(150,'20055815403'),(151,'27049269124'),(152,'20043110471'),(153,'23077621229'),(154,'27934498092'),(155,'27047022326'),(156,'23933461769'),(157,'27047028499'),(158,'30707587861'),(159,'27056917220'),(160,'20149574221'),(161,'20124544417'),(162,'20044212928'),(163,'20081043257'),(164,'27214650482'),(165,'27059420661'),(166,'27226505143'),(167,'27057651925'),(168,'20933624383'),(169,'20042784002'),(170,'20250748257'),(171,'27047965751'),(172,'20134305801'),(173,'27117346442'),(174,'20041644827'),(175,'20203726261'),(176,'20143866263'),(177,'20040189492'),(178,'20144317638'),(179,'20173155280'),(180,'20043063902'),(181,'27033022633'),(182,'20047496870'),(183,'20042834891'),(184,'20219242132'),(185,'20106885851'),(186,'27182870531'),(187,'20210552570'),(188,'27047022350'),(189,'30707942270'),(190,'20933705871'),(191,'27048609975'),(192,'20054040025'),(193,'20147255730'),(194,'20110270349'),(195,'20044998182'),(196,'27113730671'),(197,'27123599891'),(198,'20226444611'),(199,'27063893523'),(200,'27104681161'),(201,'27030275530'),(202,'20113995190'),(203,'20237808305'),(204,'27165804118'),(205,'20233748952'),(206,'20164255671'),(207,'27130920441'),(208,'27061818702'),(209,'20114926842'),(210,'20041387301'),(211,'27141007160'),(212,'20168995181'),(213,'20244341633'),(214,'20051314981'),(215,'20044020506'),(216,'20178237870'),(217,'23033344244'),(218,'20042068803'),(219,'20280798941'),(220,'20085500954'),(221,'27104137232'),(222,'27118157015'),(223,'20045119816'),(224,'27057604420'),(225,'20041048310'),(226,'27048408902'),(227,'20044351650'),(228,'20073778930'),(229,'20079433471'),(230,'20204974420'),(231,'27142113851'),(232,'20121664365'),(233,'20117124682'),(234,'20138526012'),(235,'27032091364'),(236,'20078692821'),(237,'20123179340'),(238,'20068978301'),(239,'20047540691'),(240,'20045358993'),(241,'20041935902'),(242,'27104005247'),(243,'20107552511'),(244,'23045131319'),(245,'20050727131'),(246,'27115937591'),(247,'23225396094'),(248,'20049816562'),(249,'27049838501'),(250,'20042698181'),(251,'20077478974'),(252,'20222764468'),(253,'27048809451'),(254,'20041632209'),(255,'27052009494'),(256,'20075704888'),(257,'20211429322'),(258,'20072062702'),(259,'20081134082'),(260,'20114105822'),(261,'20114103072'),(262,'27032288079'),(263,'20041726831'),(264,'27044770631'),(265,'27137534571'),(266,'20082089471'),(267,'27045558970'),(268,'27099893430'),(269,'27046536652'),(270,'20104628622'),(271,'27057984711'),(272,'27120866082'),(273,'20101962831'),(274,'20044224152'),(275,'20131936800'),(276,'30708020873'),(277,'27032211270'),(278,'30679676748'),(279,'27118023140'),(280,'20079614700'),(281,'27066861592'),(282,'27161381301'),(283,'27132658892'),(284,'20041571501'),(285,'20106618292'),(286,'20169750700'),(287,'20118427700'),(288,'20175273612'),(289,'20044494060'),(290,'30690620940'),(291,'20142320755'),(292,'27004059889'),(293,'27141216452'),(294,'20119863016'),(295,'27044570551'),(296,'20085895282'),(297,'20111790222'),(298,'27239672960'),(299,'20049596651'),(300,'27101292571'),(301,'23044480239'),(302,'20044009952'),(303,'27052635042'),(304,'27128884381'),(305,'20077206311'),(306,'20120455231'),(307,'20171075042'),(308,'20131313862'),(309,'20149278312'),(310,'27054300692'),(311,'27257728280'),(312,'27139147060'),(313,'20080378581'),(314,'20045205240'),(315,'20210551922'),(316,'30686907801'),(317,'20043110560'),(318,'20078036460'),(319,'27052930192'),(320,'27219176312'),(321,'20149527819'),(322,'33707273939'),(323,'20205687360'),(324,'27036922945'),(325,'27037171854'),(326,'27133086000'),(327,'27122212160'),(328,'20144330650'),(329,'20185809650'),(330,'27017169470'),(331,'27219829782'),(332,'20047849412'),(333,'20045502032'),(334,'20040699563'),(335,'20044310512'),(336,'27062396550'),(337,'20230935832'),(338,'27063626002'),(339,'20179016320'),(340,'20140113442'),(341,'20146025901'),(342,'27051013331'),(343,'27127282809'),(344,'27183216002'),(345,'27058630204'),(346,'20118621590'),(347,'20071443095'),(348,'24043390070'),(349,'27149277582'),(350,'27067143650'),(351,'27044057730'),(352,'20161617440'),(353,'27049615200'),(354,'27132772431'),(355,'27856650400'),(356,'20045475604'),(357,'27044729062'),(358,'27180855551'),(359,'20042670252'),(360,'30632472710'),(361,'27149762278'),(362,'20076106216'),(363,'20138006280'),(364,'30690592920'),(365,'27137361472'),(366,'20044197783'),(367,'20167859314'),(368,'20113065754'),(369,'20041864045'),(370,'20143158862'),(371,'23110308884'),(372,'20076290734'),(373,'27148854772'),(374,'20048306293'),(375,'30707826890'),(376,'20043152824'),(377,'20142172780'),(378,'27214384650'),(379,'20083156652'),(380,'20211422840'),(381,'20177597571'),(382,'20045489435'),(383,'20041842122'),(384,'20165344112'),(385,'27100825770'),(386,'27183031460'),(387,'20119552061'),(388,'27108497233'),(389,'20085336992'),(390,'27041707661'),(391,'27057525474'),(392,'27118366072'),(393,'27126835723'),(394,'27045014490'),(395,'27051701793'),(396,'20044200806'),(397,'27179691324'),(398,'27101343710'),(399,'23933089614'),(400,'20076786144'),(401,'27039741291'),(402,'20075965754'),(403,'20076136700'),(404,'20217915970'),(405,'27039456562'),(406,'30676021082'),(407,'27932616683'),(408,'20118276214');

/*Table structure for table `distrito` */

DROP TABLE IF EXISTS `distrito`;

CREATE TABLE `distrito` (
  `idDistrito` bigint(10) NOT NULL AUTO_INCREMENT,
  `nombre` varchar(20) DEFAULT NULL,
  `localidad_id` bigint(10) DEFAULT NULL,
  PRIMARY KEY (`idDistrito`),
  KEY `FK_distritos_localidad` (`localidad_id`),
  CONSTRAINT `fk_distrito_localidad` FOREIGN KEY (`localidad_id`) REFERENCES `localidad` (`idLocalidad`)
) ENGINE=InnoDB AUTO_INCREMENT=23 DEFAULT CHARSET=latin1;

/*Data for the table `distrito` */

insert  into `distrito`(`idDistrito`,`nombre`,`localidad_id`) values (1,'ALTO SALVADOR',3),(2,'ALTO VERDE',3),(3,'BUEN ORDEN',3),(4,'CHAPANAY',3),(5,'CHIVILCOY',3),(6,'EL CENTRAL',3),(7,'EL DIVISADERO',3),(8,'EL ESPINO',3),(9,'EL RAMBLON',3),(10,'LAS CHIMBAS',3),(11,'MONTECASEROS',3),(12,'NUEVA CALIFORNIA',3),(13,'PALMIRA',3),(14,'SAN MARTIN',3),(15,'TRES PORTEAS',3),(16,'AGRELO',5),(17,'UGARTECHE',5),(18,'PERDRIEL',5),(19,'DORREGO',2),(20,'VILLANUEVA',2),(21,'RODEO DEL MEDIO',8),(22,'SAN JOSE',2);

/*Table structure for table `distritos` */

DROP TABLE IF EXISTS `distritos`;

CREATE TABLE `distritos` (
  `idDistrito` bigint(10) NOT NULL AUTO_INCREMENT,
  `nombre` varchar(20) DEFAULT NULL,
  `localidad_id` bigint(10) DEFAULT NULL,
  PRIMARY KEY (`idDistrito`),
  KEY `FK_distritos_localidad` (`localidad_id`),
  CONSTRAINT `FK_distritos_localidad` FOREIGN KEY (`localidad_id`) REFERENCES `localidades` (`idLocalidad`),
  CONSTRAINT `FK_distritos_localidad_id` FOREIGN KEY (`localidad_id`) REFERENCES `localidades` (`idLocalidad`)
) ENGINE=InnoDB AUTO_INCREMENT=16 DEFAULT CHARSET=latin1;

/*Data for the table `distritos` */

insert  into `distritos`(`idDistrito`,`nombre`,`localidad_id`) values (1,'ALTO SALVADOR',3),(2,'ALTO VERDE',3),(3,'BUEN ORDEN',3),(4,'CHAPANAY',3),(5,'CHIVILCOY',3),(6,'EL CENTRAL',3),(7,'EL DIVISADERO',3),(8,'EL ESPINO',3),(9,'EL RAMBLON',3),(10,'LAS CHIMBAS',3),(11,'MONTECASEROS',3),(12,'NUEVA CALIFORNIA',3),(13,'PALMIRA',3),(14,'SAN MARTIN',3),(15,'TRES PORTEAS',3);

/*Table structure for table `domicilio` */

DROP TABLE IF EXISTS `domicilio`;

CREATE TABLE `domicilio` (
  `idDomicilio` bigint(10) NOT NULL AUTO_INCREMENT,
  `calle` varchar(20) DEFAULT NULL,
  `numero` smallint(10) DEFAULT NULL,
  `piso` smallint(10) DEFAULT NULL,
  `dpto` varchar(10) DEFAULT NULL,
  `distrito_id` bigint(10) DEFAULT NULL,
  `observacion` tinytext,
  PRIMARY KEY (`idDomicilio`),
  KEY `fk_domicilio_distrito` (`distrito_id`),
  CONSTRAINT `fk_domicilio_distrito` FOREIGN KEY (`distrito_id`) REFERENCES `distrito` (`idDistrito`)
) ENGINE=InnoDB AUTO_INCREMENT=105 DEFAULT CHARSET=latin1;

/*Data for the table `domicilio` */

insert  into `domicilio`(`idDomicilio`,`calle`,`numero`,`piso`,`dpto`,`distrito_id`,`observacion`) values (1,'Salta',34,NULL,NULL,NULL,NULL),(2,NULL,NULL,NULL,NULL,NULL,NULL),(3,NULL,NULL,NULL,NULL,NULL,NULL),(4,NULL,NULL,NULL,NULL,NULL,NULL),(5,NULL,NULL,NULL,NULL,NULL,NULL),(6,NULL,NULL,NULL,NULL,NULL,NULL),(7,'ew',5,4,'4',20,NULL),(8,'rew',4,5,'5',19,NULL),(9,'ewq',43,3,'5',22,NULL),(10,'qw',7,4,'4',4,NULL),(11,'ds',3,4,'6',5,NULL),(12,'de',3,3,'3',4,NULL),(13,'ds',3,2,'3',5,NULL),(14,'',NULL,NULL,'',NULL,NULL),(15,'',NULL,NULL,'',NULL,NULL),(16,'',NULL,NULL,'',NULL,NULL),(17,'',NULL,NULL,'',NULL,NULL),(18,'',NULL,NULL,'',NULL,NULL),(19,'',NULL,NULL,'',NULL,NULL),(20,'',NULL,NULL,'',NULL,NULL),(21,'',NULL,NULL,'',NULL,NULL),(22,'',NULL,NULL,'',NULL,NULL),(23,'',NULL,NULL,'',NULL,NULL),(24,'',NULL,NULL,'',22,NULL),(25,'',NULL,NULL,'',20,NULL),(26,'',NULL,NULL,'',22,NULL),(27,'',NULL,NULL,'',NULL,NULL),(28,'',NULL,NULL,'',NULL,NULL),(29,'',NULL,NULL,'',NULL,NULL),(30,'',NULL,NULL,'',NULL,NULL),(31,'',NULL,NULL,'',NULL,NULL),(32,'',NULL,NULL,'',NULL,NULL),(33,'',NULL,NULL,'',NULL,NULL),(34,'',NULL,NULL,'',NULL,NULL),(35,'',NULL,NULL,'',NULL,NULL),(36,'',NULL,NULL,'',NULL,NULL),(37,'',NULL,NULL,'',NULL,NULL),(38,'',NULL,NULL,'',NULL,NULL),(39,'dg',4,3,'4',3,NULL),(40,'fsd',3,9,'9',2,NULL),(41,'',NULL,NULL,'',NULL,NULL),(42,'',NULL,NULL,'',NULL,NULL),(43,'',NULL,NULL,'',NULL,NULL),(44,NULL,NULL,NULL,NULL,NULL,NULL),(45,NULL,NULL,NULL,NULL,NULL,NULL),(46,NULL,NULL,NULL,NULL,NULL,NULL),(47,NULL,NULL,NULL,NULL,NULL,NULL),(48,NULL,NULL,NULL,NULL,NULL,NULL),(49,NULL,NULL,NULL,NULL,NULL,NULL),(50,NULL,NULL,NULL,NULL,NULL,NULL),(51,NULL,NULL,NULL,NULL,NULL,NULL),(52,NULL,NULL,NULL,NULL,NULL,NULL),(53,NULL,NULL,NULL,NULL,NULL,NULL),(54,NULL,NULL,NULL,NULL,NULL,NULL),(55,NULL,NULL,NULL,NULL,NULL,NULL),(56,NULL,NULL,NULL,NULL,NULL,NULL),(57,NULL,NULL,NULL,NULL,NULL,NULL),(58,NULL,NULL,NULL,NULL,NULL,NULL),(59,NULL,NULL,NULL,NULL,NULL,NULL),(60,NULL,NULL,NULL,NULL,NULL,NULL),(61,'',NULL,NULL,'',NULL,NULL),(62,NULL,NULL,NULL,NULL,NULL,NULL),(63,NULL,NULL,NULL,NULL,NULL,NULL),(64,NULL,NULL,NULL,NULL,NULL,NULL),(65,NULL,NULL,NULL,NULL,NULL,NULL),(66,NULL,NULL,NULL,NULL,NULL,NULL),(67,NULL,NULL,NULL,NULL,NULL,NULL),(68,NULL,NULL,NULL,NULL,NULL,NULL),(69,NULL,NULL,NULL,NULL,NULL,NULL),(70,NULL,NULL,NULL,NULL,NULL,NULL),(71,NULL,NULL,NULL,NULL,NULL,NULL),(72,NULL,NULL,NULL,NULL,NULL,NULL),(73,NULL,NULL,NULL,NULL,NULL,NULL),(74,NULL,NULL,NULL,NULL,NULL,NULL),(75,NULL,NULL,NULL,NULL,NULL,NULL),(76,NULL,NULL,NULL,NULL,NULL,NULL),(77,NULL,NULL,NULL,NULL,NULL,NULL),(78,NULL,NULL,NULL,NULL,NULL,NULL),(79,NULL,NULL,NULL,NULL,NULL,NULL),(80,'',NULL,NULL,'',NULL,NULL),(81,'',NULL,NULL,'',NULL,NULL),(82,'Rondeau',377,3,'7',20,NULL),(83,'fd',83,48,'4',19,NULL),(84,'fd',83,48,'4',19,NULL),(85,'Salta',1868,4,'4',19,NULL),(86,'Salta',1868,4,'4',16,NULL),(87,'Salta',1868,4,'4',NULL,NULL),(88,'Salta',1868,4,'4',NULL,NULL),(89,'',NULL,NULL,'',NULL,NULL),(90,'',NULL,NULL,'',NULL,NULL),(91,'',NULL,NULL,'',NULL,NULL),(92,'',NULL,NULL,'',NULL,NULL),(93,'',NULL,NULL,'',NULL,NULL),(94,'',NULL,NULL,'',NULL,NULL),(95,'',NULL,NULL,'',NULL,NULL),(96,'',NULL,NULL,'',NULL,NULL),(97,'',NULL,NULL,'',NULL,NULL),(98,'',NULL,NULL,'',NULL,NULL),(99,'',NULL,NULL,'',NULL,NULL),(100,'',NULL,NULL,'',NULL,NULL),(101,'',NULL,NULL,'',NULL,NULL),(102,'',NULL,NULL,'',NULL,NULL),(103,'',NULL,NULL,'',NULL,NULL),(104,'',NULL,NULL,'',NULL,NULL);

/*Table structure for table `estadocivil` */

DROP TABLE IF EXISTS `estadocivil`;

CREATE TABLE `estadocivil` (
  `idEstadoCivil` int(11) NOT NULL AUTO_INCREMENT,
  `casado` varchar(255) DEFAULT NULL,
  `divorciado` varchar(255) DEFAULT NULL,
  `soltero` varchar(255) DEFAULT NULL,
  PRIMARY KEY (`idEstadoCivil`)
) ENGINE=InnoDB DEFAULT CHARSET=latin1;

/*Data for the table `estadocivil` */

/*Table structure for table `localidad` */

DROP TABLE IF EXISTS `localidad`;

CREATE TABLE `localidad` (
  `idLocalidad` bigint(10) NOT NULL AUTO_INCREMENT,
  `nombre` varchar(20) DEFAULT NULL,
  `codigoPostal` decimal(6,0) DEFAULT NULL,
  PRIMARY KEY (`idLocalidad`)
) ENGINE=InnoDB AUTO_INCREMENT=19 DEFAULT CHARSET=latin1;

/*Data for the table `localidad` */

insert  into `localidad`(`idLocalidad`,`nombre`,`codigoPostal`) values (1,'GODOY CRUZ','5501'),(2,'GUAYMALLEN','34'),(3,'SAN MARTIN','34'),(4,'CIUDAD','5500'),(5,'LUJAN','67'),(6,'TUNUYAN','3'),(7,'GRAL.ALVEAR','3'),(8,'MAIPU','4'),(9,'SAN RAFAEL','5'),(10,'TUPUNGATO','6'),(11,'JUNIN','5573'),(12,'SANTA ROSA','7'),(13,'LA PAZ','8'),(14,'LAVALLE','9'),(15,'LAS HERAS','0'),(16,'MALARGE','7'),(17,'RIVADAVIA','5'),(18,'SAN CARLOS','5');

/*Table structure for table `localidades` */

DROP TABLE IF EXISTS `localidades`;

CREATE TABLE `localidades` (
  `idLocalidad` bigint(10) NOT NULL AUTO_INCREMENT,
  `nombre` varchar(20) DEFAULT NULL,
  `codigoPostal` decimal(6,0) DEFAULT NULL,
  PRIMARY KEY (`idLocalidad`)
) ENGINE=InnoDB AUTO_INCREMENT=19 DEFAULT CHARSET=latin1;

/*Data for the table `localidades` */

insert  into `localidades`(`idLocalidad`,`nombre`,`codigoPostal`) values (1,'GODOY CRUZ','5501'),(2,'GUAYMALLEN',NULL),(3,'SAN MARTIN',NULL),(4,'CIUDAD','5500'),(5,'LUJAN',NULL),(6,'TUNUYAN',NULL),(7,'GRAL.ALVEAR',NULL),(8,'MAIPU',NULL),(9,'SAN RAFAEL',NULL),(10,'TUPUNGATO',NULL),(11,'JUNIN','5573'),(12,'SANTA ROSA',NULL),(13,'LA PAZ',NULL),(14,'LAVALLE',NULL),(15,'LAS HERAS',NULL),(16,'MALARGE',NULL),(17,'RIVADAVIA',NULL),(18,'SAN CARLOS',NULL);

/*Table structure for table `plan` */

DROP TABLE IF EXISTS `plan`;

CREATE TABLE `plan` (
  `plan_id` bigint(10) NOT NULL AUTO_INCREMENT,
  `codigo` varchar(10) DEFAULT NULL,
  `tipoCuota` varchar(10) DEFAULT NULL,
  `cuota` int(10) DEFAULT NULL,
  `cuotas` int(10) DEFAULT NULL,
  `tasa` float DEFAULT NULL,
  `gastos` int(10) DEFAULT NULL,
  `comision` int(10) DEFAULT NULL,
  `plazo` int(10) DEFAULT NULL,
  PRIMARY KEY (`plan_id`)
) ENGINE=InnoDB AUTO_INCREMENT=23 DEFAULT CHARSET=latin1;

/*Data for the table `plan` */

insert  into `plan`(`plan_id`,`codigo`,`tipoCuota`,`cuota`,`cuotas`,`tasa`,`gastos`,`comision`,`plazo`) values (1,'2A','A',2,NULL,0,0,5,35),(2,'3A','A',3,NULL,10,0,5,35),(3,'4A','A',4,NULL,21.2,0,5,35),(4,'5A','A',5,NULL,35.5,0,5,35),(5,'6A','A',6,NULL,44,0,5,35),(6,'2V','V',2,NULL,6,0,5,35),(7,'3V','V',3,NULL,15.5,0,5,35),(8,'4V','V',4,NULL,26,0,5,35),(9,'5V','V',5,NULL,36,0,5,35),(10,'2DNI','A',2,NULL,10,0,5,35),(11,'3DNI','A',3,NULL,20,0,5,35),(12,'2AR','A',2,NULL,0,0,5,35),(13,'3AR','A',3,NULL,10.4,0,5,35),(14,'4AR','A',4,NULL,17.8,0,5,35),(15,'5AR','A',5,NULL,28,0,5,35),(16,'6AR','A',6,NULL,38.6,0,5,35),(17,'2VR','V',2,NULL,10.7,0,5,35),(18,'3VR','V',3,NULL,18.2,0,5,35),(19,'4VR','V',4,NULL,26,0,5,35),(20,'5VR','V',5,NULL,34,0,5,35),(21,'2DNIR','A',2,NULL,9,0,5,35),(22,'3DNIR','A',3,NULL,16,0,5,35);

/*Table structure for table `profesion` */

DROP TABLE IF EXISTS `profesion`;

CREATE TABLE `profesion` (
  `idProfesion` bigint(10) NOT NULL AUTO_INCREMENT,
  `nombre` varchar(20) DEFAULT NULL,
  PRIMARY KEY (`idProfesion`)
) ENGINE=InnoDB AUTO_INCREMENT=5 DEFAULT CHARSET=latin1;

/*Data for the table `profesion` */

insert  into `profesion`(`idProfesion`,`nombre`) values (1,'EMPLEADO PUBLICO'),(2,'DOCENTE'),(3,'JUBILADO'),(4,'OTRO');

/*Table structure for table `solicitud` */

DROP TABLE IF EXISTS `solicitud`;

CREATE TABLE `solicitud` (
  `idSolicitud` bigint(10) NOT NULL AUTO_INCREMENT,
  `importe` double DEFAULT NULL,
  `fecha` varchar(10) DEFAULT NULL,
  `usuario_id` bigint(10) DEFAULT NULL,
  `cliente_id` bigint(10) DEFAULT NULL,
  `plan_id` bigint(10) DEFAULT NULL,
  PRIMARY KEY (`idSolicitud`),
  KEY `fk_solicitud_cliente` (`cliente_id`),
  KEY `fk_solicitud_usuario` (`usuario_id`),
  KEY `fk_solicitud_plan` (`plan_id`),
  CONSTRAINT `fk_solicitud_cliente` FOREIGN KEY (`cliente_id`) REFERENCES `cliente` (`idCliente`),
  CONSTRAINT `fk_solicitud_plan` FOREIGN KEY (`plan_id`) REFERENCES `plan` (`plan_id`),
  CONSTRAINT `fk_solicitud_usuario` FOREIGN KEY (`usuario_id`) REFERENCES `usuario` (`idUsuario`)
) ENGINE=InnoDB DEFAULT CHARSET=latin1;

/*Data for the table `solicitud` */

/*Table structure for table `tipocliente` */

DROP TABLE IF EXISTS `tipocliente`;

CREATE TABLE `tipocliente` (
  `idTipoCliente` bigint(10) NOT NULL AUTO_INCREMENT,
  `tipo` varchar(10) DEFAULT NULL,
  PRIMARY KEY (`idTipoCliente`)
) ENGINE=InnoDB AUTO_INCREMENT=3 DEFAULT CHARSET=latin1;

/*Data for the table `tipocliente` */

insert  into `tipocliente`(`idTipoCliente`,`tipo`) values (1,'Individuo'),(2,'Empresa');

/*Table structure for table `usuario` */

DROP TABLE IF EXISTS `usuario`;

CREATE TABLE `usuario` (
  `idUsuario` bigint(10) NOT NULL AUTO_INCREMENT,
  `apellido` varchar(20) NOT NULL,
  `nombre` varchar(20) NOT NULL,
  `login` varchar(20) DEFAULT NULL,
  `password` varchar(20) NOT NULL,
  `fechaAlta` date DEFAULT NULL,
  `ultimoAcceso` date DEFAULT NULL,
  `domicilio_id` bigint(10) DEFAULT NULL,
  `adminUsuario` varchar(20) DEFAULT NULL,
  `adminPsw` varchar(20) DEFAULT NULL,
  PRIMARY KEY (`idUsuario`),
  KEY `fk_usuario_domicilio` (`domicilio_id`),
  CONSTRAINT `fk_usuario_domicilio` FOREIGN KEY (`domicilio_id`) REFERENCES `domicilio` (`idDomicilio`)
) ENGINE=InnoDB DEFAULT CHARSET=latin1;

/*Data for the table `usuario` */

/*!40101 SET SQL_MODE=@OLD_SQL_MODE */;
/*!40014 SET FOREIGN_KEY_CHECKS=@OLD_FOREIGN_KEY_CHECKS */;
/*!40014 SET UNIQUE_CHECKS=@OLD_UNIQUE_CHECKS */;
/*!40111 SET SQL_NOTES=@OLD_SQL_NOTES */;
